table_id,row_count
20110212,32197
20110213,39252
20110214,44180
20110215,43872
20110216,41469
20110217,47176
20110218,44079
20110219,31990
20110220,32972
20110221,43852
20110222,42110
20110223,40203
20110224,43938
20110225,42147
20110226,31690
20110227,34070
20110228,41389
20110301,45092
20110302,45979
20110303,45326
20110304,41976
20110305,27569
20110306,33952
20110307,41697
20110308,47820
20110309,43971
20110310,44539
20110311,41907
20110312,30081
20110313,33815
20110314,45444
20110315,46920
20110316,49524
20110317,45850
20110318,43028
20110319,31438
20110320,34710
20110321,44039
20110322,50150
20110323,46530
20110324,45157
20110325,44519
20110326,34127
20110327,37434
20110328,49694
20110329,42054
20110330,52815
20110331,48418
20110401,46394
20110402,32525
20110403,36991
20110404,48756
20110405,53137
20110406,47319
20110407,47143
20110408,48721
20110409,33895
20110410,39389
20110411,54317
20110412,53044
20110413,54589
20110414,55506
20110415,56133
20110416,38306
20110417,38102
20110418,52092
20110419,57315
20110420,53860
20110421,53333
20110422,43860
20110423,34314
20110424,35236
20110425,42611
20110426,52554
20110427,47286
20110428,43952
20110429,52470
20110430,37059
20110501,38232
20110502,42234
20110503,53079
20110504,56869
20110505,57566
20110506,49823
20110507,33561
20110508,37244
20110509,53567
20110510,54525
20110511,62170
20110512,52827
20110513,54756
20110514,39040
20110515,40707
20110516,71171
20110517,55636
20110518,55790
20110519,58270
20110520,46149
20110521,34197
20110522,34121
20110523,54012
20110524,58889
20110525,59257
20110526,59833
20110527,48616
20110528,36958
20110529,37538
20110530,47548
20110531,56955
20110601,57868
20110602,51358
20110603,54729
20110604,39218
20110605,42889
20110606,53948
20110607,58071
20110608,61754
20110609,54179
20110610,56170
20110611,46883
20110612,35551
20110613,53450
20110614,55233
20110615,55039
20110616,56287
20110617,56204
20110618,35669
20110619,41926
20110620,59255
20110621,58724
20110622,56877
20110623,288563
20110624,55711
20110625,79873
20110626,82393
20110627,313052
20110628,86349
20110629,61640
20110630,58509
20110701,55409
20110702,36398
20110703,38974
20110704,51604
20110705,55855
20110706,64325
20110707,62941
20110708,58521
20110709,39627
20110710,39603
20110711,56483
20110712,60991
20110713,59359
20110714,57110
20110715,52535
20110716,39861
20110717,41393
20110718,62264
20110719,57635
20110720,60165
20110721,62189
20110722,55801
20110723,39224
20110724,42466
20110725,58386
20110726,68364
20110727,62984
20110728,60172
20110729,57652
20110730,34183
20110731,39843
20110801,55672
20110802,62175
20110803,60706
20110804,62906
20110805,57019
20110806,43991
20110807,34517
20110808,59489
20110809,65928
20110810,57082
20110811,60834
20110812,56501
20110813,39689
20110814,41436
20110815,56022
20110816,61886
20110817,65361
20110818,66162
20110819,64414
20110820,37540
20110821,41510
20110822,65586
20110823,67545
20110824,69505
20110825,65332
20110826,60608
20110827,41868
20110828,43564
20110829,67430
20110830,67113
20110831,65851
20110901,69332
20110902,64093
20110903,43693
20110904,47228
20110905,65737
20110906,69792
20110907,73095
20110908,70357
20110909,65016
20110910,45998
20110911,49545
20110912,70794
20110913,71386
20110914,83938
20110915,81644
20110916,75377
20110917,47035
20110918,49609
20110919,64070
20110920,67564
20110921,69121
20110922,70505
20110923,66721
20110924,46771
20110925,50214
20110926,71245
20110927,77251
20110928,75888
20110929,72596
20110930,71218
20111001,43481
20111002,50596
20111003,71944
20111004,82839
20111005,84712
20111006,71674
20111007,70450
20111008,45614
20111009,53909
20111010,68934
20111011,83995
20111012,74319
20111013,71736
20111014,66411
20111015,48899
20111016,50381
20111017,74133
20111018,113211
20111019,79598
20111020,77836
20111021,71005
20111022,50595
20111023,54063
20111024,72007
20111025,77827
20111026,76125
20111027,55427
20111028,74062
20111029,61147
20111030,57393
20111031,77601
20111101,82490
20111102,85050
20111103,82020
20111104,88224
20111105,51054
20111106,63160
20111107,64002
20111108,90134
20111109,71894
20111110,79519
20111111,75224
20111112,59122
20111113,60599
20111114,88566
20111115,84517
20111116,77182
20111117,87707
20111118,70169
20111119,50752
20111120,62374
20111121,66744
20111122,79442
20111123,91206
20111124,83835
20111125,62376
20111126,59857
20111127,65345
20111128,84806
20111129,122770
20111130,84193
20111201,96005
20111202,90032
20111203,66289
20111204,69661
20111205,90986
20111206,93639
20111207,79710
20111208,78918
20111209,90314
20111210,65214
20111211,61178
20111212,91470
20111213,87213
20111214,86820
20111215,92190
20111216,95540
20111217,61323
20111218,65380
20111219,81770
20111220,92180
20111221,79245
20111222,83612
20111223,69788
20111224,54596
20111225,40455
20111226,46439
20111227,66754
20111228,67554
20111229,76291
20111230,74654
20120101,48855
20120102,73011
20120103,85306
20120104,74788
20120105,86281
20120106,90150
20120107,66068
20120108,69653
20120109,76829
20120110,79144
20120111,105494
20120112,87326
20120113,87058
20120114,69164
20120115,78838
20120116,93180
20120117,93634
20120118,87400
20120119,92144
20120120,85384
20120121,73166
20120122,62810
20120123,90013
20120124,104873
20120125,94827
20120126,97097
20120127,96587
20120128,81340
20120129,86092
20120130,100596
20120131,114827
20120201,105641
20120202,96844
20120203,99047
20120204,70069
20120205,81691
20120206,88448
20120207,86544
20120208,99399
20120209,98324
20120210,90125
20120211,71361
20120212,80060
20120213,76228
20120214,96036
20120215,83832
20120216,100636
20120217,116022
20120218,113729
20120219,113121
20120220,118198
20120221,146122
20120222,151305
20120223,141396
20120224,136587
20120225,109285
20120226,112921
20120227,144398
20120228,148386
20120229,150298
20120301,126519
20120302,140840
20120303,105070
20120304,84185
20120305,121516
20120306,152075
20120307,147144
20120308,141025
20120309,143082
20120310,36384
20120311,87540
20120312,121013
20120313,127496
20120314,114367
20120315,117341
20120316,107916
20120317,89206
20120318,119430
20120319,148411
20120320,134340
20120321,130668
20120322,128850
20120323,117588
20120324,93159
20120325,96475
20120326,128679
20120327,149648
20120328,164812
20120329,153828
20120330,122419
20120331,91929
20120401,93645
20120402,129984
20120403,167891
20120404,148259
20120405,120420
20120406,106004
20120407,88281
20120408,87717
20120409,117180
20120410,131482
20120411,133790
20120412,127329
20120413,117486
20120414,91477
20120415,100757
20120416,132011
20120417,130711
20120418,131819
20120419,128887
20120420,121499
20120421,91305
20120422,100964
20120423,131797
20120424,140391
20120425,127628
20120426,129853
20120427,113534
20120428,87406
20120429,93881
20120430,121386
20120501,120098
20120502,126703
20120503,126536
20120504,113360
20120505,88525
20120506,104156
20120507,125639
20120508,127824
20120509,132119
20120510,131358
20120511,117798
20120512,86502
20120513,90555
20120514,130046
20120515,125598
20120516,122757
20120517,117448
20120518,109669
20120519,76876
20120520,87102
20120521,127753
20120522,136931
20120523,137556
20120524,138300
20120525,117201
20120526,77015
20120527,84671
20120528,110405
20120529,133551
20120530,135668
20120531,133560
20120601,120199
20120602,107900
20120603,106004
20120604,131336
20120605,132203
20120606,134468
20120607,129311
20120608,122035
20120609,90561
20120610,100422
20120611,133555
20120612,139401
20120613,143001
20120614,137417
20120615,119695
20120616,86681
20120617,84107
20120618,135465
20120619,140216
20120620,139712
20120621,137365
20120622,120911
20120623,90944
20120624,95988
20120625,138016
20120626,143710
20120627,135261
20120628,145652
20120629,130707
20120630,88154
20120701,92509
20120702,132479
20120703,141326
20120704,136124
20120705,152153
20120706,127275
20120707,84577
20120708,95915
20120709,143537
20120710,149601
20120711,137872
20120712,141642
20120713,158994
20120714,277534
20120715,91517
20120716,132062
20120717,137699
20120718,133537
20120719,131544
20120720,121158
20120721,78461
20120722,97728
20120723,131655
20120724,133775
20120725,133050
20120726,128813
20120727,112881
20120728,78191
20120729,87125
20120730,134519
20120731,130226
20120801,132880
20120802,135787
20120803,122158
20120804,85515
20120805,95308
20120806,137578
20120807,141926
20120808,137263
20120809,138393
20120810,124669
20120811,85234
20120812,94395
20120813,141019
20120814,140115
20120815,125441
20120816,139606
20120817,127815
20120818,84840
20120819,93769
20120820,140481
20120821,142463
20120822,144488
20120823,145979
20120824,126152
20120825,90063
20120826,106528
20120827,137088
20120828,147313
20120829,144691
20120830,154536
20120831,129110
20120901,103689
20120902,98428
20120903,127857
20120904,150939
20120905,155862
20120906,144715
20120907,128965
20120908,103422
20120909,101971
20120910,143656
20120911,146761
20120912,148350
20120913,147566
20120914,132478
20120915,90375
20120916,103757
20120917,153352
20120918,157791
20120919,151631
20120920,159087
20120921,127781
20120922,89039
20120923,111641
20120924,156769
20120925,149949
20120926,188009
20120927,155374
20120928,141194
20120929,91115
20120930,99603
20121001,158539
20121002,148260
20121003,149079
20121004,147005
20121005,131981
20121006,91504
20121007,101645
20121008,148914
20121009,164579
20121010,158100
20121011,155132
20121012,148602
20121013,102224
20121014,117269
20121015,165692
20121016,170248
20121017,161976
20121018,157414
20121019,152716
20121020,102044
20121021,118723
20121022,165670
20121023,164236
20121024,165564
20121025,162985
20121026,140247
20121027,100421
20121028,114810
20121029,167435
20121030,167605
20121031,159676
20121101,154632
20121102,142303
20121103,107125
20121104,122564
20121105,169672
20121106,169610
20121107,178776
20121108,169208
20121109,148594
20121110,110253
20121111,124710
20121112,170554
20121113,172768
20121114,173834
20121115,168302
20121116,149300
20121117,112495
20121118,129766
20121119,175653
20121120,178302
20121121,171652
20121122,144211
20121123,141547
20121124,123232
20121125,133902
20121126,186793
20121127,193364
20121128,195244
20121129,190972
20121130,166103
20121201,135165
20121202,148983
20121203,184949
20121204,194026
20121205,186978
20121206,188958
20121207,155087
20121208,112573
20121209,128490
20121210,182885
20121211,185567
20121212,178271
20121213,171812
20121214,147838
20121215,106649
20121216,122227
20121217,169697
20121218,166412
20121219,165451
20121220,164108
20121221,130914
20121222,76696
20121223,98774
20121224,93491
20121225,82931
20121226,114332
20121227,128990
20121228,122846
20121229,100925
20121230,100967
20130101,98171
20130102,149148
20130103,171806
20130104,157852
20130105,118041
20130106,127355
20130107,176549
20130108,184613
20130109,190144
20130110,191659
20130111,172118
20130112,123934
20130113,141488
20130114,193828
20130115,196164
20130116,192486
20130117,202092
20130118,171543
20130119,128569
20130120,142056
20130121,187402
20130122,199986
20130123,207481
20130124,205117
20130125,180912
20130126,148331
20130127,156151
20130128,203169
20130129,210950
20130130,218554
20130131,218300
20130201,178426
20130202,136284
20130203,150590
20130204,205338
20130205,205857
20130206,209697
20130207,208237
20130208,184568
20130209,130266
20130210,173835
20130211,196082
20130212,301109
20130213,204854
20130214,191742
20130215,190037
20130216,167672
20130217,167151
20130218,210993
20130219,226219
20130220,221386
20130221,222643
20130222,195120
20130223,148913
20130224,170155
20130225,222459
20130226,227656
20130227,229113
20130228,218326
20130301,195593
20130302,150916
20130303,170918
20130304,229847
20130305,224723
20130306,226181
20130307,228887
20130308,200431
20130309,149886
20130310,157045
20130311,227988
20130312,243212
20130313,224933
20130314,221612
20130315,206442
20130316,148730
20130317,169950
20130318,234532
20130319,240607
20130320,240222
20130321,234481
20130322,205163
20130323,146576
20130324,183819
20130325,236003
20130326,252660
20130327,244955
20130328,223545
20130329,195600
20130330,147912
20130331,157083
20130401,220662
20130402,237812
20130403,233229
20130404,226962
20130405,211131
20130406,160412
20130407,179543
20130408,242057
20130409,244272
20130410,240687
20130411,241170
20130412,218342
20130413,158567
20130414,168246
20130415,233038
20130416,242004
20130417,246719
20130418,260840
20130419,226193
20130420,160326
20130421,183727
20130422,258045
20130423,255600
20130424,263125
20130425,240374
20130426,202174
20130427,153712
20130428,171763
20130429,228278
20130430,220483
20130501,213804
20130502,229245
20130503,205167
20130504,149385
20130505,162986
20130506,230673
20130507,228812
20130508,238195
20130509,227905
20130510,203335
20130511,145331
20130512,160632
20130513,240169
20130514,241768
20130515,232702
20130516,235269
20130517,207646
20130518,142807
20130519,165416
20130520,227102
20130521,239159
20130522,245296
20130523,235114
20130524,211112
20130525,140916
20130526,166250
20130527,221796
20130528,242778
20130529,239852
20130530,230285
20130531,197814
20130601,152987
20130602,163920
20130603,241764
20130604,249533
20130605,241518
20130606,241239
20130607,212327
20130608,147515
20130609,158557
20130610,223576
20130611,221698
20130612,235843
20130613,241690
20130614,203207
20130615,137136
20130616,153912
20130617,236669
20130618,249885
20130619,249023
20130620,236936
20130621,216548
20130622,151227
20130623,177075
20130624,254406
20130625,268818
20130626,257055
20130627,263331
20130628,217697
20130629,146678
20130630,161382
20130701,240024
20130702,234551
20130703,237740
20130704,208605
20130705,211749
20130706,140365
20130707,164482
20130708,253233
20130709,262903
20130710,268161
20130711,257541
20130712,216050
20130713,143832
20130714,166967
20130715,261020
20130716,256345
20130717,256879
20130718,255160
20130719,220011
20130720,145906
20130721,162574
20130722,254842
20130723,258343
20130724,252785
20130725,250405
20130726,221323
20130727,148739
20130728,165694
20130729,247929
20130730,259628
20130731,253391
20130801,246443
20130802,215952
20130803,152689
20130804,168800
20130805,251172
20130806,274838
20130807,270598
20130808,258616
20130809,226424
20130810,156436
20130811,175548
20130812,255716
20130813,261996
20130814,260478
20130815,224147
20130816,219329
20130817,162786
20130818,185868
20130819,267683
20130820,272512
20130821,275479
20130822,268533
20130823,231647
20130824,162129
20130825,179313
20130826,261607
20130827,275744
20130828,271534
20130829,268514
20130830,227437
20130831,151210
20130901,173772
20130902,237065
20130903,273192
20130904,276387
20130905,267930
20130906,225899
20130907,186362
20130908,202605
20130909,296645
20130910,272881
20130911,271366
20130912,278287
20130913,235841
20130914,173907
20130915,192269
20130916,277000
20130917,274253
20130918,263977
20130919,224271
20130920,242665
20130921,177319
20130922,192821
20130923,273513
20130924,291267
20130925,278161
20130926,277508
20130927,253150
20130928,178115
20130929,203246
20130930,292834
20131001,277180
20131002,299392
20131003,270122
20131004,272448
20131005,190736
20131006,211938
20131007,282775
20131008,289280
20131009,292566
20131010,299378
20131011,277898
20131012,177109
20131013,196899
20131014,282775
20131015,296456
20131016,302906
20131017,313692
20131018,266910
20131019,183186
20131020,217154
20131021,301736
20131022,300890
20131023,310883
20131024,294389
20131025,269670
20131026,188909
20131027,218352
20131028,319028
20131029,318545
20131030,329245
20131031,305222
20131101,259534
20131102,193785
20131103,222729
20131104,314946
20131105,327612
20131106,332984
20131107,317126
20131108,281095
20131109,206932
20131110,238089
20131111,314071
20131112,326937
20131113,339815
20131114,356467
20131115,277576
20131116,199582
20131117,241165
20131118,334413
20131119,353095
20131120,335421
20131121,330848
20131122,284556
20131123,199885
20131124,230685
20131125,318168
20131126,331342
20131127,307976
20131128,254202
20131129,232359
20131130,187576
20131201,223784
20131202,328425
20131203,333926
20131204,332436
20131205,324466
20131206,288868
20131207,204273
20131208,236771
20131209,330234
20131210,338578
20131211,318234
20131212,317882
20131213,268593
20131214,208802
20131215,226709
20131216,310396
20131217,315673
20131218,315702
20131219,297528
20131220,251666
20131221,164825
20131222,189129
20131223,230957
20131224,172819
20131225,152042
20131226,200822
20131227,205166
20131228,168568
20131229,189966
20131230,233248
20140101,171024
20140102,253998
20140103,257909
20140104,197462
20140105,220471
20140106,300161
20140107,314436
20140108,328150
20140109,337509
20140110,281698
20140111,200518
20140112,234093
20140113,328901
20140114,333227
20140115,336821
20140116,328593
20140117,290152
20140118,214887
20140119,244034
20140120,324010
20140121,348685
20140122,346116
20140123,334876
20140124,284974
20140125,244223
20140126,262674
20140127,339815
20140128,355349
20140129,346065
20140130,340057
20140131,300211
20140201,224730
20140202,240602
20140203,342555
20140204,359917
20140205,357235
20140206,369837
20140207,338144
20140208,258162
20140209,282226
20140210,357463
20140211,369082
20140212,371274
20140213,361587
20140214,296479
20140215,232860
20140216,261727
20140217,367642
20140218,369503
20140219,367672
20140220,341627
20140221,330000
20140222,249100
20140223,263750
20140224,383613
20140225,387494
20140226,394347
20140227,383550
20140228,331042
20140301,240108
20140302,271813
20140303,382895
20140304,394055
20140305,388638
20140306,381828
20140307,332907
20140308,239740
20140309,264725
20140310,377592
20140311,381793
20140312,406898
20140313,399442
20140314,343103
20140315,247578
20140316,275545
20140317,385899
20140318,400819
20140319,406291
20140320,397232
20140321,344659
20140322,252879
20140323,280333
20140324,397128
20140325,353928
20140326,350706
20140327,402112
20140328,347977
20140329,245718
20140330,272071
20140331,394392
20140401,386822
20140402,408961
20140403,395206
20140404,344442
20140405,244008
20140406,275668
20140407,391564
20140408,401908
20140409,393908
20140410,398914
20140411,342111
20140412,245541
20140413,297006
20140414,408997
20140415,405552
20140416,414000
20140417,417208
20140418,333495
20140419,249486
20140420,254680
20140421,367505
20140422,427595
20140423,428921
20140424,416795
20140425,381718
20140426,284634
20140427,316944
20140428,415921
20140429,356610
20140430,387962
20140501,368184
20140502,348228
20140503,251151
20140504,290967
20140505,396359
20140506,420065
20140507,426942
20140508,407637
20140509,356918
20140510,253681
20140511,284602
20140512,409625
20140513,413594
20140514,406115
20140515,393965
20140516,346525
20140517,245212
20140518,275415
20140519,398184
20140520,408703
20140521,416328
20140522,399734
20140523,362413
20140524,254958
20140525,283564
20140526,346403
20140527,407418
20140528,397446
20140529,388940
20140530,331709
20140531,234986
20140601,256048
20140602,394424
20140603,414997
20140604,422100
20140605,397741
20140606,344369
20140607,229036
20140608,264660
20140609,372785
20140610,401493
20140611,413983
20140612,380438
20140613,331666
20140614,228528
20140615,260944
20140616,395023
20140617,398080
20140618,395936
20140619,382204
20140620,333937
20140621,232968
20140622,270602
20140623,388173
20140624,401947
20140625,399875
20140626,386814
20140627,347398
20140628,218656
20140629,279823
20140630,382024
20140701,381148
20140702,397708
20140703,384835
20140704,286529
20140705,214986
20140706,267967
20140707,406567
20140708,401859
20140709,404954
20140710,409163
20140711,364002
20140712,242401
20140713,260724
20140714,393927
20140715,408523
20140716,409793
20140717,382023
20140718,357989
20140719,236938
20140720,274658
20140721,408218
20140722,451156
20140723,436837
20140724,419576
20140725,360004
20140726,245862
20140727,275856
20140728,402924
20140729,426094
20140730,434874
20140731,405311
20140801,366704
20140802,239750
20140803,264615
20140804,402327
20140805,415792
20140806,415926
20140807,409090
20140808,363175
20140809,236421
20140810,275109
20140811,405647
20140812,413098
20140813,413152
20140814,407585
20140815,346826
20140816,241245
20140817,283967
20140818,415040
20140819,432702
20140820,436267
20140821,420647
20140822,381500
20140823,258611
20140824,306556
20140825,427583
20140826,429204
20140827,420004
20140828,421339
20140829,356368
20140830,239627
20140831,273855
20140901,364845
20140902,426630
20140903,442465
20140904,424632
20140905,368360
20140906,263098
20140907,291028
20140908,442030
20140909,432776
20140910,437172
20140911,431896
20140912,386468
20140913,279489
20140914,311637
20140915,445341
20140916,461896
20140917,468116
20140918,435263
20140919,387232
20140920,275825
20140921,366917
20140922,510374
20140923,448793
20140924,480853
20140925,462819
20140926,435847
20140927,318124
20140928,312429
20140929,465463
20140930,431242
20141001,434461
20141002,433861
20141003,376362
20141004,270601
20141005,292570
20141006,442309
20141007,469906
20141008,465048
20141009,454965
20141010,411239
20141011,318374
20141012,384314
20141013,463869
20141014,459434
20141015,476393
20141016,472073
20141017,420912
20141018,306022
20141019,320612
20141020,490515
20141021,495525
20141022,470575
20141023,473958
20141024,421491
20141025,312791
20141026,366834
20141027,488478
20141028,602253
20141029,524059
20141030,472172
20141031,409498
20141101,298729
20141102,348077
20141103,488552
20141104,496610
20141105,482907
20141106,494899
20141107,436755
20141108,325876
20141109,367644
20141110,488304
20141111,503685
20141112,511793
20141113,521147
20141114,470116
20141115,379317
20141116,429838
20141117,516913
20141118,540069
20141119,537576
20141120,529031
20141121,441629
20141122,331235
20141123,382742
20141124,506417
20141125,516507
20141126,493043
20141127,425816
20141128,376288
20141129,311250
20141130,376189
20141201,515239
20141202,539600
20141203,530101
20141204,515006
20141205,453663
20141206,336707
20141207,393549
20141208,514854
20141209,519024
20141210,509651
20141211,496920
20141212,429645
20141213,311136
20141214,365393
20141215,497345
20141216,494102
20141217,483630
20141218,477714
20141219,402672
20141220,283329
20141221,332167
20141222,444422
20141223,423670
20141224,291449
20141225,239963
20141226,275747
20141227,256942
20141228,299671
20141229,390407
20141230,380468
20150101,218938
20150102,335678
20150103,292810
20150104,323154
20150105,451564
20150106,441079
20150107,470442
20150108,484469
20150109,435155
20150110,319135
20150111,336485
20150112,508119
20150113,526997
20150114,530849
20150115,530288
20150116,502307
20150117,344222
20150118,351906
20150119,508068
20150120,556562
20150121,573171
20150122,570982
20150123,526133
20150124,374809
20150125,413389
20150126,538383
20150127,568500
20150128,572036
20150129,558782
20150130,520122
20150131,352170
20150201,364541
20150202,534695
20150203,545625
20150204,580496
20150205,571701
20150206,538218
20150207,364891
20150208,382978
20150209,569105
20150210,597278
20150211,583293
20150212,584187
20150213,552053
20150214,330288
20150215,369544
20150216,529458
20150217,571586
20150218,561685
20150219,555583
20150220,544482
20150221,405473
20150222,425235
20150223,565403
20150224,606611
20150225,613607
20150226,632669
20150227,584518
20150228,405000
20150301,438018
20150302,640631
20150303,630681
20150304,627261
20150305,612290
20150306,573512
20150307,386466
20150308,396531
20150309,602057
20150310,626053
20150311,630539
20150312,632066
20150313,635564
20150314,418178
20150315,432196
20150316,629861
20150317,643173
20150318,636362
20150319,623666
20150320,594734
20150321,392588
20150322,428156
20150323,625323
20150324,655593
20150325,654308
20150326,642432
20150327,565299
20150328,398769
20150329,393802
20150330,628975
20150331,652639
20150401,629135
20150402,606710
20150403,524705
20150404,367309
20150405,362974
20150406,528389
20150407,649106
20150408,668243
20150409,646917
20150410,616497
20150411,425532
20150412,414425
20150413,619181
20150414,653555
20150415,637256
20150416,636129
20150417,602087
20150418,396777
20150419,448443
20150420,684709
20150421,665996
20150422,678896
20150423,655338
20150424,609134
20150425,408363
20150426,436482
20150427,669514
20150428,674817
20150429,651516
20150430,616998
20150501,488715
20150502,385245
20150503,401608
20150504,616257
20150505,650141
20150506,669859
20150507,656942
20150508,600779
20150509,396212
20150510,403527
20150511,631980
20150512,662146
20150513,664424
20150514,619035
20150515,592384
20150516,394685
20150517,410531
20150518,642055
20150519,673544
20150520,671229
20150521,667818
20150522,613595
20150523,378615
20150524,409212
20150525,510671
20150526,640836
20150527,668492
20150528,641223
20150529,618219
20150530,375058
20150531,402631
20150601,618959
20150602,665089
20150603,658796
20150604,637248
20150605,605888
20150606,373942
20150607,384300
20150608,621293
20150609,659922
20150610,647872
20150611,664480
20150612,581883
20150613,369758
20150614,387421
20150615,614592
20150616,670813
20150617,659068
20150618,643028
20150619,586267
20150620,363185
20150621,380640
20150622,587962
20150623,646664
20150624,641914
20150625,634985
20150626,593359
20150627,367017
20150628,372368
20150629,602964
20150630,628073
20150701,611838
20150702,605848
20150703,507377
20150704,337117
20150705,348161
20150706,606905
20150707,666433
20150708,660454
20150709,645483
20150710,587057
20150711,365543
20150712,392881
20150713,624051
20150714,651313
20150715,640838
20150716,633488
20150717,586369
20150718,363696
20150719,380292
20150720,625033
20150721,650878
20150722,663146
20150723,673389
20150724,636724
20150725,399966
20150726,419063
20150727,620567
20150728,659616
20150729,662867
20150730,653601
20150731,588460
20150801,350293
20150802,357759
20150803,603710
20150804,659423
20150805,653212
20150806,628402
20150807,581255
20150808,349015
20150809,362627
20150810,605321
20150811,644817
20150812,648328
20150813,629070
20150814,583724
20150815,388098
20150816,415779
20150817,689362
20150818,679055
20150819,673712
20150820,652419
20150821,613314
20150822,397213
20150823,418079
20150824,643287
20150825,661426
20150826,671815
20150827,658273
20150828,609576
20150829,373896
20150830,392634
20150831,655442
20150901,686514
20150902,677114
20150903,654957
20150904,592467
20150905,392987
20150906,447999
20150907,621818
20150908,743026
20150909,770621
20150910,731220
20150911,651297
20150912,414994
20150913,421102
20150914,677532
20150915,726471
20150916,706948
20150917,712483
20150918,666070
20150919,415927
20150920,431552
20150921,698106
20150922,721379
20150923,709233
20150924,699768
20150925,680791
20150926,455426
20150927,463504
20150928,697132
20150929,742255
20150930,730199
20151001,685175
20151002,641918
20151003,437966
20151004,452773
20151005,703513
20151006,743850
20151007,743544
20151008,741369
20151009,691457
20151010,467620
20151011,461292
20151012,703290
20151013,773576
20151014,760275
20151015,737714
20151016,702630
20151017,443335
20151018,473744
20151019,748078
20151020,776990
20151021,773665
20151022,752003
20151023,708414
20151024,461341
20151025,487618
20151026,724216
20151027,796911
20151028,796132
20151029,781235
20151030,734045
20151031,445359
20151101,454878
20151102,754411
20151103,810500
20151104,841071
20151105,897209
20151106,782699
20151107,494767
20151108,547392
20151109,798954
20151110,814368
20151111,782933
20151112,800004
20151113,738008
20151114,471350
20151115,501098
20151116,766993
20151117,825210
20151118,835954
20151119,830291
20151120,781676
20151121,491928
20151122,520036
20151123,796272
20151124,816567
20151125,774197
20151126,681484
20151127,596538
20151128,448807
20151129,481385
20151130,786033
20151201,826331
20151202,828863
20151203,847569
20151204,782242
20151205,499202
20151206,508730
20151207,796202
20151208,824680
20151209,846598
20151210,828425
20151211,740240
20151212,511595
20151213,532954
20151214,822863
20151215,837756
20151216,821291
20151217,790739
20151218,728307
20151219,471232
20151220,471335
20151221,693143
20151222,706840
20151223,656618
20151224,512128
20151225,389997
20151226,372940
20151227,418177
20151228,601106
20151229,630912
20151230,613002
20160101,361126
20160102,449574
20160103,483599
20160104,758914
20160105,795541
20160106,811381
20160107,819369
20160108,789477
20160109,545748
20160110,549876
20160111,830090
20160112,876628
20160113,877741
20160114,875550
20160115,815252
20160116,555257
20160117,569643
20160118,833729
20160119,904913
20160120,915288
20160121,900475
20160122,831748
20160123,581426
20160124,595085
20160125,885478
20160126,923404
20160127,938187
20160128,855844
20160129,850061
20160130,621443
20160131,629808
20160201,887678
20160202,938306
20160203,946290
20160204,929773
20160205,850052
20160206,565229
20160207,575573
20160208,802462
20160209,895034
20160210,884961
20160211,881515
20160212,836208
20160213,571758
20160214,595385
20160215,876688
20160216,1004666
20160217,972764
20160218,972778
20160219,945047
20160220,637735
20160221,668827
20160222,960476
20160223,997745
20160224,995874
20160225,984392
20160226,928223
20160227,618549
20160228,650915
20160229,948595
20160301,965698
20160302,1016855
20160303,1023201
20160304,956290
20160305,663625
20160306,665460
20160307,991430
20160308,1014643
20160309,1030242
20160310,968663
20160311,943453
20160312,636808
20160313,662203
20160314,977391
20160315,1003282
20160316,1016781
20160317,1010077
20160318,952633
20160319,641030
20160320,661016
20160321,978055
20160322,1014537
20160323,997344
20160324,961575
20160325,866909
20160326,619525
20160327,585830
20160328,905429
20160329,1014681
20160330,1046569
20160331,1011896
20160401,911850
20160402,624483
20160403,652734
20160404,961871
20160405,1004192
20160406,1023812
20160407,1037755
20160408,951977
20160409,638892
20160410,656784
20160411,1016647
20160412,1041053
20160413,1052638
20160414,1030094
20160415,965413
20160416,660200
20160417,668443
20160418,1022518
20160419,1055031
20160420,1048270
20160421,1029371
20160422,963606
20160423,637632
20160424,668952
20160425,1032544
20160426,1064122
20160427,1076920
20160428,1072989
20160429,994599
20160430,632096
20160501,1147884
20160502,901264
20160503,1017533
20160504,1018463
20160505,936698
20160506,870296
20160507,567756
20160508,633817
20160509,1016546
20160510,1034672
20160511,1035176
20160512,1024128
20160513,951901
20160514,615948
20160515,637176
20160516,945975
20160517,1021796
20160518,1027785
20160519,1009725
20160520,955231
20160521,637947
20160522,654673
20160523,990138
20160524,1047151
20160525,1043443
20160526,987539
20160527,915029
20160528,557778
20160529,580034
20160530,873055
20160531,974060
20160601,979561
20160602,981265
20160603,915055
20160604,580240
20160605,602100
20160606,923769
20160607,979411
20160608,998241
20160609,952893
20160610,860284
20160611,541925
20160612,603776
20160613,884845
20160614,950885
20160615,966666
20160616,944761
20160617,883583
20160618,556551
20160619,564428
20160620,631539
20160621,949841
20160622,950178
20160623,938042
20160624,830638
20160625,526264
20160626,529537
20160627,885157
20160628,948114
20160629,943253
20160630,926015
20160701,848066
20160702,524189
20160703,503184
20160704,776917
20160705,893167
20160706,924736
20160707,948631
20160708,867413
20160709,555090
20160710,557839
20160711,922301
20160712,950493
20160713,949702
20160714,946602
20160715,877016
20160716,548912
20160717,571013
20160718,930805
20160719,977363
20160720,967296
20160721,949240
20160722,888419
20160723,554634
20160724,579209
20160725,917055
20160726,979439
20160727,974014
20160728,949865
20160729,901002
20160730,576727
20160731,578147
20160801,930287
20160802,990611
20160803,968897
20160804,967117
20160805,893167
20160806,569297
20160807,571099
20160808,946470
20160809,980907
20160810,976871
20160811,975877
20160812,904845
20160813,555131
20160814,556748
20160815,924008
20160816,979067
20160817,988228
20160818,993297
20160819,935708
20160820,597557
20160821,626818
20160822,989314
20160823,1008384
20160824,1028070
20160825,1036677
20160826,948089
20160827,616736
20160828,626012
20160829,985237
20160830,1032907
20160831,1035623
20160901,1011305
20160902,936040
20160903,598333
20160904,633656
20160905,863256
20160906,1026351
20160907,1031530
20160908,997318
20160909,937833
20160910,621407
20160911,641701
20160912,1020239
20160913,1076218
20160914,1034638
20160915,971735
20160916,903317
20160917,649665
20160918,713136
20160919,989753
20160920,1068799
20160921,1055883
20160922,1047473
20160923,983721
20160924,644906
20160925,672513
20160926,1045837
20160927,1076928
20160928,1083879
20160929,1082843
20160930,1010873
20161001,634107
20161002,647508
20161003,971075
20161004,1013880
20161005,1014551
20161006,1020268
20161007,949055
20161008,712527
20161009,744858
20161010,1033234
20161011,1108327
20161012,1102454
20161013,1102115
20161014,1030422
20161015,678134
20161016,702510
20161017,1032278
20161018,1139539
20161019,1129046
20161020,1106940
20161021,884308
20161022,696366
20161023,718776
20161024,1100371
20161025,1155074
20161026,1144089
20161027,1102156
20161028,993205
20161029,664671
20161030,689644
20161031,1058936
20161101,1062289
20161102,1122666
20161103,1130861
20161104,1051841
20161105,724220
20161106,758683
20161107,1123736
20161108,1103764
20161109,1030270
20161110,1097777
20161111,972320
20161112,696777
20161113,724315
20161114,1108348
20161115,1150849
20161116,1141388
20161117,1131819
20161118,1062241
20161119,720829
20161120,754415
20161121,1124820
20161122,1151656
20161123,1106473
20161124,951685
20161125,875984
20161126,680980
20161127,727057
20161128,1115158
20161129,1173176
20161130,1155366
20161201,1146644
20161202,1073850
20161203,722803
20161204,732154
20161205,1134477
20161206,1143072
20161207,1167414
20161208,1124573
20161209,1066542
20161210,710588
20161211,734176
20161212,1102668
20161213,1119862
20161214,1103493
20161215,1080221
20161216,995867
20161217,624142
20161218,661619
20161219,1023321
20161220,1035133
20161221,1014729
20161222,938575
20161223,780747
20161224,526205
20161225,466363
20161226,641638
20161227,756568
20161228,786729
20161229,777743
20161230,728616
20161231,485700
20170101,432776
20170102,698191
20170103,973238
20170104,1022830
20170105,956248
20170106,975271
20170107,485483
20170108,704130
20170109,1069760
20170110,1087266
20170111,1114983
20170112,1101450
20170113,1007468
20170114,911344
20170115,744563
20170116,1054863
20170117,1157774
20170118,1130771
20170119,1122822
20170120,1063825
20170121,726314
20170122,787290
20170123,1086284
20170124,1115175
20170125,1094857
20170126,1017742
20170127,942369
20170128,646547
20170129,663128
20170130,1008969
20170131,1054925
20170201,1062743
20170202,1099421
20170203,1050141
20170204,767006
20170205,781976
20170206,1164299
20170207,1253914
20170208,1244095
20170209,1241979
20170210,1170363
20170211,820319
20170212,824958
20170213,1217080
20170214,1238902
20170215,1258097
20170216,1262440
20170217,1198238
20170218,812421
20170219,829851
20170220,1204835
20170221,1304450
20170222,1332275
20170223,1292993
20170224,1245339
20170225,850880
20170226,853837
20170227,1241263
20170228,1223933
20170301,1231710
20170302,1260056
20170303,1208041
20170304,825672
20170305,854358
20170306,1272312
20170307,1307151
20170308,1235998
20170309,1299909
20170310,1181599
20170311,799358
20170312,845989
20170313,1282214
20170314,1329170
20170315,1271906
20170316,1288159
20170317,1197248
20170318,813899
20170319,853705
20170320,1277020
20170321,1378915
20170322,1336702
20170323,1314834
20170324,1145774
20170325,836442
20170326,1058695
20170327,1648484
20170328,1392396
20170329,1330741
20170330,1331536
20170331,1210996
20170401,867205
20170402,816043
20170403,1173211
20170404,1172596
20170405,1327100
20170406,1306300
20170407,1275058
20170408,1012947
20170409,903263
20170410,1273468
20170411,1299138
20170412,1262976
20170413,1195317
20170414,1019053
20170415,744176
20170416,749775
20170417,1135952
20170418,1317276
20170419,1318306
20170420,1301802
20170421,1233083
20170422,839002
20170423,836908
20170424,1300735
20170425,1347436
20170426,1343502
20170427,1292652
20170428,1236078
20170429,759218
20170430,743497
20170501,1002359
20170502,1243405
20170503,1275408
20170504,1278364
20170505,1177094
20170506,773839
20170507,793714
20170508,1223657
20170509,1281100
20170510,1288122
20170511,1265555
20170512,1166497
20170513,761047
20170514,761552
20170515,1212301
20170516,1256424
20170517,1241231
20170518,1235950
20170519,1131522
20170520,736607
20170521,767795
20170522,1219935
20170523,1261382
20170524,1261850
20170525,1160956
20170526,1120431
20170527,777921
20170528,754917
20170529,1039499
20170530,1191469
20170531,1225776
20170601,1250794
20170602,1193552
20170603,773095
20170604,786221
20170605,1172868
20170606,1212811
20170607,1279043
20170608,1245074
20170609,1157259
20170610,738473
20170611,755430
20170612,1210646
20170613,1298435
20170614,1264341
20170615,1217010
20170616,1138754
20170617,749462
20170618,757104
20170619,1219049
20170620,1265703
20170621,1263586
20170622,1238626
20170623,1135245
20170624,730871
20170625,743545
20170626,1193752
20170627,1279529
20170628,1294245
20170629,1229967
20170630,1143189
20170701,700119
20170702,716491
20170703,1109684
20170704,1074877
20170705,1200552
20170706,1223484
20170707,1157743
20170708,718172
20170709,735851
20170710,1209996
20170711,1257978
20170712,1244121
20170713,1242372
20170714,1141408
20170715,732017
20170716,752386
20170717,1199700
20170718,1271716
20170719,1260902
20170720,1249405
20170721,1165235
20170722,739394
20170723,761485
20170724,1216515
20170725,1269696
20170726,1217922
20170727,1249749
20170728,1165897
20170729,757188
20170730,761690
20170731,1179662
20170801,1251135
20170802,1261207
20170803,1238375
20170804,1128052
20170805,727314
20170806,753807
20170807,1196403
20170808,1276848
20170809,1257477
20170810,1244060
20170811,1146953
20170812,752733
20170813,765760
20170814,1182239
20170815,1200723
20170816,1243130
20170817,1239718
20170818,1169161
20170819,764668
20170820,768616
20170821,1105654
20170822,1251411
20170823,1275929
20170824,1219359
20170825,1130042
20170826,761970
20170827,750479
20170828,1169820
20170829,1253382
20170830,1273436
20170831,1235026
20170901,1136789
20170902,734340
20170903,754711
20170904,1040345
20170905,1275676
20170906,1294971
20170907,1279479
20170908,1205903
20170909,801484
20170910,840500
20170911,1284407
20170912,1331233
20170913,1320965
20170914,1309185
20170915,1232121
20170916,838999
20170917,862316
20170918,1336552
20170919,1379011
20170920,1330687
20170921,1300586
20170922,1226523
20170923,819538
20170924,855597
20170925,1312173
20170926,1382663
20170927,1360397
20170928,1330270
20170929,1243324
20170930,877207
20171001,845071
20171002,1232159
20171003,1295498
20171004,1261071
20171005,1312017
20171006,1224816
20171007,877257
20171008,922989
20171009,1362917
20171010,1386634
20171011,1434521
20171012,1438337
20171013,1348768
20171014,883230
20171015,910100
20171016,1377590
20171017,1411055
20171018,1441897
20171019,1417537
20171020,1329805
20171021,899827
20171022,963031
20171023,1451493
20171024,1503159
20171025,1499268
20171026,1469248
20171027,1386175
20171028,939465
20171029,953016
20171030,1459224
20171031,1434334
20171101,1397613
20171102,1445497
20171103,1355500
20171104,932945
20171105,982385
20171106,1465201
20171107,1510779
20171108,1482973
20171109,1499297
20171110,1394865
20171111,961076
20171112,1008176
20171113,1498419
20171114,1527765
20171115,1503382
20171116,1486868
20171117,1415307
20171118,925195
20171119,959193
20171120,1420473
20171121,1447396
20171122,1463546
20171123,1294148
20171124,1167073
20171125,906394
20171126,959075
20171127,1489612
20171128,1554659
20171129,1539938
20171130,1521934
20171201,1427697
20171202,1028565
20171203,1026761
20171204,1507985
20171205,1549798
20171206,1515827
20171207,1492765
20171208,1362379
20171209,945815
20171210,973345
20171211,1471353
20171212,1477083
20171213,1491082
20171214,1470339
20171215,1339930
20171216,937843
20171217,930430
20171218,1377168
20171219,1439624
20171220,1391542
20171221,1357730
20171222,1176396
20171223,780778
20171224,738549
20171225,808576
20171226,972759
20171227,1079891
20171228,1087200
20171229,1006081
20171230,749829
20171231,665543
20180101,687304
20180102,1199910
20180103,1319243
20180104,1339182
20180105,1297594
20180106,956141
20180107,945702
20180108,1369013
20180109,1434382
20180110,1425606
20180111,1472389
20180112,1334558
20180113,931770
20180114,947550
20180115,1369005
20180116,1484094
20180117,1516979
20180118,1505602
20180119,1395893
20180120,1038136
20180121,1020447
20180122,1420509
20180123,1594885
20180124,1572736
20180125,1555817
20180126,1442401
20180127,1040294
20180128,1066182
20180129,1541474
20180130,1544941
20180131,1548050
20180201,1535560
20180202,1443583
20180203,996909
20180204,1007116
20180205,1496026
20180206,1575658
20180207,1595455
20180208,1544492
20180209,1452750
20180210,977374
20180211,1066740
20180212,1467823
20180213,1463053
20180214,1404338
20180215,1369892
20180216,1329219
20180217,934023
20180218,961461
20180219,1372410
20180220,1458535
20180221,1487987
20180222,1509805
20180223,1429002
20180224,1063258
20180225,1056811
20180226,1580140
20180227,1656398
20180228,1617043
20180301,1598068
20180302,1494298
20180303,1032710
20180304,1064922
20180305,1628254
20180306,1653373
20180307,1637024
20180308,1507571
20180309,1539503
20180310,1072188
20180311,1119090
20180312,1621172
20180313,1646754
20180314,1693427
20180315,1671967
20180316,1541258
20180317,1050464
20180318,1069457
20180319,1627318
20180320,1706973
20180321,1706036
20180322,1676331
20180323,1541512
20180324,1089997
20180325,1095384
20180326,1536862
20180327,1630849
20180328,1642587
20180329,1426503
20180330,1361388
20180331,1003764
20180401,987388
20180402,1456010
20180403,1626418
20180404,1529534
20180405,1453428
20180406,1362561
20180407,952880
20180408,1043843
20180409,1522539
20180410,1625091
20180411,1613295
20180412,1597618
20180413,1465279
20180414,978929
20180415,994089
20180416,1560196
20180417,1615042
20180418,1606092
20180419,1579728
20180420,1530780
20180421,1019163
20180422,1047432
20180423,1548073
20180424,1601541
20180425,1572947
20180426,1541385
20180427,1350154
20180428,1025602
20180429,951988
20180430,1243689
20180501,1214583
20180502,1397772
20180503,1410379
20180504,1322233
20180505,883714
20180506,900309
20180507,1398961
20180508,1463849
20180509,1446788
20180510,1409420
20180511,1324633
20180512,955192
20180513,966381
20180514,1467970
20180515,1430594
20180516,1435074
20180517,1427746
20180518,1374450
20180519,893087
20180520,896910
20180521,1368588
20180522,1453616
20180523,1499806
20180524,1454833
20180525,1405289
20180526,866978
20180527,903775
20180528,1315778
20180529,1372524
20180530,1461613
20180531,1493818
20180601,1405428
20180602,930657
20180603,939473
20180604,1493031
20180605,1553721
20180606,1538773
20180607,1509827
20180608,1351891
20180609,901389
20180610,915764
20180611,1491690
20180612,1583212
20180613,1529835
20180614,1476609
20180615,1322594
20180616,787701
20180617,800702
20180618,1336609
20180619,1490261
20180620,1490854
20180621,1448136
20180622,1333051
20180623,841910
20180624,854899
20180625,1445365
20180626,1511643
20180627,1466216
20180628,1425370
20180629,1351506
20180630,828236
20180701,836921
20180702,1398538
20180703,1439333
20180704,1287010
20180705,1363125
20180706,1295993
20180707,812169
20180708,838881
20180709,1442788
20180710,1505927
20180711,1490509
20180712,1455928
20180713,1349684
20180714,826053
20180715,789450
20180716,1334108
20180717,1421722
20180718,1324575
20180719,1406364
20180720,1296750
20180721,798252
20180722,818753
20180723,1389172
20180724,1450968
20180725,1441675
20180726,1409617
20180727,1326334
20180728,897525
20180729,868607
20180730,1411797
20180731,1431691
20180801,1417380
20180802,1423376
20180803,1353455
20180804,804824
20180805,797735
20180806,1368710
20180807,1444771
20180808,1420151
20180809,1390712
20180810,1287430
20180811,829599
20180812,838095
20180813,1373468
20180814,1416187
20180815,1335266
20180816,1366656
20180817,1289693
20180818,797406
20180819,817184
20180820,1341309
20180821,1404366
20180822,1419010
20180823,1391984
20180824,1314919
20180825,860602
20180826,845503
20180827,1362406
20180828,1481956
20180829,1457553
20180830,1423544
20180831,1290877
20180901,818269
20180902,812892
20180903,1223990
20180904,1420544
20180905,1453502
20180906,1442773
20180907,1326775
20180908,841736
20180909,890927
20180910,1443725
20180911,1478073
20180912,1474771
20180913,1439447
20180914,1347979
20180915,843245
20180916,868260
20180917,1455259
20180918,1503641
20180919,1496388
20180920,1490585
20180921,1388897
20180922,893369
20180923,901466
20180924,1339814
20180925,1557946
20180926,1586627
20180927,1541844
20180928,1382268
20180929,948327
20180930,952921
20181001,1460180
20181002,1521165
20181003,1480068
20181004,1496718
20181005,1374221
20181006,920769
20181007,946293
20181008,1519705
20181009,1593521
20181010,1573040
20181011,1558989
20181012,1435931
20181013,947761
20181014,973098
20181015,1522655
20181016,1623963
20181017,1596221
20181018,1570005
20181019,1460065
20181020,994447
20181021,969272
20181022,1269010
20181023,1691735
20181024,1656567
20181025,1621856
20181026,1495109
20181027,1014749
20181028,1022291
20181029,1645470
20181030,1702870
20181031,1660900
20181101,1505447
20181102,1424624
20181103,955639
20181104,984127
20181105,1565087
20181106,1614499
20181107,1583111
20181108,1580105
20181109,1464342
20181110,961052
20181111,994782
20181112,1536114
20181113,1571568
20181114,1614987
20181115,1584668
20181116,1466272
20181117,964410
20181118,1003502
20181119,1538993
20181120,1585834
20181121,1538168
20181122,1342185
20181123,1219043
20181124,892758
20181125,964160
20181126,1551515
20181127,1680713
20181128,1696028
20181129,1679906
20181130,1535595
20181201,1015213
20181202,1043355
20181203,1623053
20181204,1168796
20181205,1674308
20181206,1611106
20181207,1505448
20181208,991631
20181209,1031592
20181210,1637446
20181211,1658627
20181212,1606386
20181213,1558565
20181214,1431805
20181215,901717
20181216,887942
20181217,1489281
20181218,1540557
20181219,1505385
20181220,1458498
20181221,1297628
20181222,828790
20181223,805667
20181224,896121
20181225,800192
20181226,1032114
20181227,1125144
20181228,1127225
20181229,876778
20181230,758637
20181231,788449
20190101,720838
20190102,1261340
20190103,1345160
20190104,1309086
20190105,914157
20190106,909121
20190107,1449510
20190108,1577413
20190109,1593902
20190110,1613122
20190111,1511416
20190112,986842
20190113,978392
20190114,1523794
20190115,1497468
20190116,1538976
20190117,1571013
20190118,1415918
20190119,911980
20190120,906694
20190121,1352245
20190122,1516075
20190123,1550994
20190124,1541990
20190125,1434977
20190126,977643
20190127,1009018
20190128,1501698
20190129,1576016
20190130,1579840
20190131,1533777
20190201,1403705
20190202,957092
20190203,919768
20190204,1355038
20190205,1439441
20190206,1594722
20190207,1633404
20190208,1634801
20190209,1198775
20190210,1211093
20190211,1768560
20190212,1891952
20190213,1879278
20190214,1823316
20190215,1704660
20190216,1150241
20190217,1174420
20190218,1785377
20190219,1882803
20190220,1878243
20190221,1893181
20190222,1787995
20190223,1194008
20190224,1234331
20190225,1924226
20190226,2009651
20190227,1923071
20190228,1894941
20190301,1747814
20190302,1214507
20190303,1237916
20190304,1876243
20190305,1912467
20190306,1904967
20190307,1902955
20190308,1741877
20190309,1195575
20190310,1231049
20190311,1891992
20190312,1918414
20190313,1802183
20190314,1906164
20190315,1757964
20190316,1153675
20190317,1189471
20190318,1891290
20190319,1944320
20190320,1984382
20190321,1881011
20190322,1780762
20190323,1174747
20190324,1243378
20190325,1877924
20190326,1987818
20190327,1942830
20190328,1998131
20190329,1890513
20190330,1248539
20190331,1205519
20190401,1864225
20190402,1989278
20190403,1994220
20190404,1959813
20190405,1682800
20190406,1133556
20190407,1231442
20190408,1983136
20190409,1815750
20190410,1995154
20190411,1930626
20190412,1818809
20190413,1213140
20190414,1230377
20190415,1857094
20190416,1962432
20190417,1866750
20190418,1783497
20190419,1545986
20190420,1109098
20190421,1104139
20190422,1740128
20190423,1977780
20190424,1967315
20190425,1900963
20190426,1767713
20190427,1170934
20190428,1293283
20190429,1833270
20190430,1858827
20190501,1548831
20190502,1753541
20190503,1636042
20190504,1169493
20190505,1308060
20190506,1824052
20190507,1903718
20190508,1643195
20190509,1847545
20190510,1763159
20190511,1145406
20190512,1158940
20190513,1839282
20190514,1949326
20190515,1913048
20190516,1885404
20190517,1720294
20190518,1104451
20190519,1156454
20190520,1798921
20190521,1905163
20190522,1881536
20190523,1893509
20190524,1743111
20190525,1112112
20190526,1100546
20190527,1652018
20190528,1879353
20190529,1794698
20190530,1818088
20190531,1767137
20190601,1126928
20190602,1139035
20190603,1814669
20190604,1892186
20190605,1901771
20190606,1883925
20190607,1620873
20190608,1052975
20190609,1096905
20190610,1781086
20190611,1911290
20190612,1902919
20190613,1888395
20190614,1698211
20190615,1053556
20190616,1080995
20190617,1767629
20190618,1827763
20190619,1816924
20190620,1789041
20190621,1676880
20190622,1073483
20190623,1104918
20190624,1814237
20190625,1902909
20190626,1854221
20190627,1851563
20190628,1620147
20190629,1022344
20190630,1029105
20190701,1769908
20190702,1821940
20190703,1821597
20190704,1626164
20190705,1542819
20190706,1042264
20190707,1056395
20190708,1815399
20190709,1905903
20190710,1890747
20190711,1977572
20190712,1785644
20190713,1126995
20190714,1117579
20190715,1853870
20190716,1900727
20190717,1930143
20190718,1886137
20190719,1838548
20190720,1103711
20190721,1127414
20190722,1900838
20190723,1997273
20190724,1915450
20190725,1795099
20190726,1684488
20190727,1078331
20190728,1140583
20190729,1874390
20190730,1958348
20190731,1916686
20190801,1893163
20190802,1733793
20190803,1097951
20190804,1114396
20190805,1839557
20190806,1893727
20190807,1900357
20190808,1881233
20190809,1775735
20190810,1145995
20190811,1121925
20190812,1803129
20190813,1896088
20190814,1885763
20190815,1727115
20190816,1705848
20190817,1135087
20190818,1216029
20190819,1920062
20190820,1953542
20190821,1987623
20190822,1914495
20190823,1763678
20190824,1145412
20190825,1155210
20190826,1717798
20190827,1831225
20190828,1886763
20190829,2008449
20190830,1794530
20190831,1147875
20190901,1191723
20190902,1741771
20190903,1946974
20190904,2005132
20190905,1964734
20190906,1837289
20190907,1206862
20190908,1282728
20190909,2025158
20190910,2025022
20190911,1961705
20190912,557535
20190913,1302173
20190914,1199614
20190915,1234468
20190916,2004406
20190917,2059502
20190918,2049011
20190919,2007409
20190920,1832207
20190921,1212122
20190922,1268967
20190923,1984532
20190924,1944549
20190925,2052643
20190926,2019504
20190927,1870400
20190928,1266779
20190929,1364833
20190930,1991135
20191001,1984662
20191002,1968591
20191003,1926387
20191004,1875251
20191005,1272283
20191006,1307321
20191007,1957084
20191008,2054601
20191009,2084869
20191010,1965824
20191011,1914586
20191012,1377168
20191013,1318244
20191014,2027438
20191015,2134789
20191016,2018174
20191017,2021920
20191018,1955226
20191019,1319441
20191020,1361384
20191021,2277063
20191022,2273386
20191023,2196504
20191024,1987050
20191025,1894291
20191026,1272208
20191027,1292776
20191028,2063109
20191029,2157818
20191030,2110331
20191031,2235588
20191101,1933665
20191102,1695409
20191103,1319320
20191104,2068695
20191105,2166980
20191106,2260145
20191107,2149605
20191108,1986816
20191109,1487019
20191110,1307091
20191111,2059518
20191112,2203019
20191113,2246215
20191114,2124655
20191115,2008037
20191116,1308896
20191117,1353619
20191118,2142209
20191119,2202338
20191120,2161648
20191121,2132409
20191122,1975651
20191123,1296841
20191124,1307128
20191125,2186613
20191126,2174491
20191127,2086999
20191128,1865806
20191129,1648604
20191130,1234258
20191201,1359046
20191202,2206083
20191203,2355203
20191204,2279911
20191205,2223447
20191206,2173555
20191207,1309011
20191208,1340443
20191209,2169633
20191210,2182407
20191211,2143715
20191212,2064429
20191213,1903109
20191214,1270734
20191215,1291426
20191216,2105302
20191217,2098910
20191218,2060489
20191219,2102920
20191220,1978167
20191221,1146804
20191222,1141362
20191223,1630523
20191224,1362873
20191225,1119265
20191226,1405039
20191227,1480031
20191228,1435823
20191229,1578958
20191230,1773437
20191231,1304708
20200101,1019080
20200102,1637942
20200103,1699764
20200104,1249995
20200105,1261524
20200106,1907953
20200107,2021558
20200108,2061974
20200109,2131272
20200110,2019677
20200111,1301877
20200112,1325848
20200113,2109781
20200114,2156485
20200115,2107935
20200116,2064114
20200117,1919457
20200118,1321062
20200119,1403319
20200120,1921089
20200121,2090207
20200122,2070381
20200123,1948569
20200124,1784401
20200125,1228777
20200126,1283804
20200127,1977626
20200128,2195273
20200129,2055514
20200130,2061512
20200131,1967333
20200201,1453122
20200202,1470502
20200203,2085005
20200204,2151203
20200205,2116772
20200206,2074503
20200207,1995297
20200208,1402167
20200209,1448750
20200210,2163539
20200211,2356370
20200212,2419614
20200213,2212481
20200214,2036290
20200215,1436114
20200216,1515554
20200217,2124505
20200218,2251271
20200219,2295782
20200220,2155770
20200221,2077073
20200222,1470087
20200223,1480752
20200224,2268804
20200225,2398739
20200226,2562040
20200227,2216022
20200228,2200886
20200229,2097681
20200301,1493611
20200302,2309673
20200303,2390996
20200304,2988551
20200305,2277261
20200306,2210112
20200307,1548456
20200308,1524167
20200309,2322608
20200310,2348864
20200311,2308299
20200312,2236226
20200313,2165941
20200314,2124016
20200315,2134653
20200316,2471368
20200317,2333134
20200318,2351246
20200319,2283697
20200320,2224840
20200321,1702063
20200322,1803162
20200323,2512222
20200324,2596599
20200325,2489486
20200326,2496891
20200327,2345745
20200328,1812333
20200329,1938675
20200330,2702526
20200331,3013943
20200401,2620219
20200402,2488502
20200403,2399613
20200404,2237351
20200405,2601490
20200406,2667259
20200407,2600270
20200408,2592812
20200409,2545910
20200410,2429898
20200411,1943167
20200412,1938023
20200413,2570984
20200414,2708987
20200415,2682338
20200416,3002742
20200417,2531251
20200418,1957178
20200419,2015189
20200420,2694711
20200421,2627710
20200422,2727216
20200423,2732682
20200424,2507639
20200425,1948534
20200426,2143051
20200427,2739784
20200428,2741994
20200429,2825273
20200430,3179256
20200501,2446093
20200502,1975120
20200503,2009954
20200504,2661558
20200505,2666764
20200506,2747114
20200507,2697679
20200508,2556222
20200509,1962646
20200510,1895322
20200511,2733660
20200512,2737454
20200513,2775318
20200514,2653601
20200515,2632712
20200516,1887232
20200517,1902196
20200518,2726727
20200519,2716111
20200520,2742453
20200521,2480292
20200522,2391004
20200523,1804061
20200524,1794897
20200525,2366961
20200526,2559394
20200527,2655116
20200528,2596227
20200529,2497741
20200530,1798124
20200531,1793328
20200601,2532131
20200602,2593252
20200603,2541814
20200604,2495603
20200605,2923384
20200606,2985692
20200607,3528338
20200608,3393548
20200609,2627605
20200610,1283982
20200611,2516324
20200612,2375166
20200613,1802135
20200614,1842388
20200615,2682676
20200616,2523792
20200617,2500841
20200618,2652456
20200619,2267699
20200620,1615151
20200621,1651359
20200622,2473198
20200623,2528776
20200624,2643630
20200625,2366673
20200626,2185368
20200627,1619736
20200628,1734576
20200629,2258919
20200630,2527853
20200701,2627867
20200702,2589002
20200703,2062487
20200704,1492433
20200705,1573495
20200706,2418739
20200707,2734128
20200708,2771731
20200709,2491958
20200710,2393399
20200711,1653183
20200712,1691327
20200713,2331783
20200714,2494327
20200715,2481118
20200716,2941027
20200717,3491078
20200718,2728933
20200719,2742444
20200720,3466802
20200721,3070352
20200722,2521806
20200723,2471691
20200724,2374408
20200725,1647327
20200726,1674816
20200727,2508232
20200728,2568634
20200729,2551199
20200730,2963295
20200731,3099443
20200801,3153186
20200802,2078987
20200803,2461195
20200804,2477503
20200805,2471494
20200806,2422864
20200807,2290712
20200808,1722147
20200809,1660870
20200810,2414071
20200811,2466437
20200812,2453420
20200813,2397937
20200814,2220113
20200815,1611129
20200816,1703948
20200817,2445215
20200818,2491043
20200819,2482546
20200820,2557321
20200821,790687
20200823,522303
20200824,2753799
20200825,2871331
20200826,2608736
20200827,2571495
20200828,2424802
20200829,1757088
20200830,1730957
20200831,2702649
20200901,2713768
20200902,2771042
20200903,2952370
20200904,3025414
20200905,2287042
20200906,2618716
20200907,3415225
20200908,2808057
20200909,3039683
20200910,3688853
20200911,3655353
20200912,2445440
20200913,1899933
20200914,2779471
20200915,2756145
20200916,2810246
20200917,2970899
20200918,2890929
20200919,2176250
20200920,2074218
20200921,2719033
20200922,2674689
20200923,2743592
20200924,2674954
20200925,2648091
20200926,1887181
20200927,1825276
20200928,2754885
20200929,2829450
20200930,2879515
20201001,3031733
20201002,2779982
20201003,2101751
20201004,2059334
20201005,2850485
20201006,2951656
20201007,2882743
20201008,2814227
20201009,2859503
20201010,2090884
20201011,2053965
20201012,3138640
20201013,3758871
20201014,3044017
20201015,2963694
20201016,2808475
20201017,2000733
20201018,2060649
20201019,3162880
20201020,3304898
20201021,3005229
20201022,2909411
20201023,2711882
20201024,1965352
20201025,1990927
20201026,2985205
20201027,3157336
20201028,3069924
20201029,2949275
20201030,2729484
20201031,1961012
20201101,2014129
20201102,2912949
20201103,2910758
20201104,2739013
20201105,2787943
20201106,2662866
20201107,1882054
20201108,2114997
20201109,2992868
20201110,2953668
20201111,2894131
20201112,2925550
20201113,2605041
20201114,1885651
20201115,1985426
20201116,3090356
20201117,3048902
20201118,3213356
20201119,2937520
20201120,2832840
20201121,1937422
20201122,1989320
20201123,2993314
20201124,2937452
20201125,3286563
20201126,2549813
20201127,2412066
20201128,1887865
20201129,1958309
20201130,2925723
20201201,3074097
20201202,3050554
20201203,3019207
20201204,2776252
20201205,1997987
20201206,2006696
20201207,2994046
20201208,2978324
20201209,3004525
20201210,3059371
20201211,3649696
20201212,3868847
20201213,2778780
20201214,3070240
20201215,3067617
20201216,3008830
20201217,3017647
20201218,2580421
20201219,1835773
20201220,1853309
20201221,2700806
20201222,2609449
20201223,2316912
20201224,1926061
20201225,1517329
20201226,1552504
20201227,1684261
20201228,2282305
20201229,2286222
20201230,2287828
20201231,2068868
20210101,1675268
20210102,1819970
20210103,1918210
20210104,2787699
20210105,3742149
20210106,3455732
20210107,2828865
20210108,2595546
20210109,1880934
20210110,1942632
20210111,2850086
20210112,2861552
20210113,2829111
20210114,2857818
20210115,2652900
20210116,1964511
20210117,1969338
20210118,2815921
20210119,2936278
20210120,3078830
20210121,3080912
20210122,2700397
20210123,2015939
20210124,2010442
20210125,2957292
20210126,2938632
20210127,2954448
20210128,2866749
20210129,2802414
20210130,2093042
20210131,2128985
20210201,3142149
20210202,3380616
20210203,3107533
20210204,3004341
20210205,2780319
20210206,1980313
20210207,2083539
20210208,2834782
20210209,2922741
20210210,2895704
20210211,2747438
20210212,2551299
20210213,1871146
20210214,1865463
20210215,2779957
20210216,2823021
20210217,2791753
20210218,2954444
20210219,2889413
20210220,2130677
20210221,2087980
20210222,3126551
20210223,3220679
20210224,3141330
20210225,3033713
20210226,2824737
20210227,2040792
20210228,2069530
20210301,3022781
20210302,2945587
20210303,3270715
20210304,3094604
20210305,2899376
20210306,2088089
20210307,2185573
20210308,3355455
20210309,985847
20210310,1010213
20210311,3652220
20210312,3042355
20210313,2147164
20210314,2187209
20210315,3216630
20210316,3185210
20210317,3109021
20210318,3403701
20210319,3612788
20210320,2470880
20210321,2215507
20210322,3251873
20210323,3222992
20210324,3165490
20210325,3257514
20210326,2921111
20210327,2077150
20210328,2106158
20210329,3333814
20210330,3338519
20210331,3900745
20210401,3691631
20210402,2612179
20210403,2123977
20210404,2002783
20210405,2936689
20210406,3295287
20210407,3390038
20210408,2868354
20210409,2984673
20210410,2195250
20210411,2246189
20210412,3311980
20210413,3173218
20210414,3149310
20210415,3154449
20210416,2960292
20210417,2078075
20210418,2129364
20210419,3259468
20210420,3275249
20210421,3113601
20210422,3056683
20210423,2793307
20210424,2040282
20210425,2209509
20210426,3390804
20210427,3171538
20210428,3135980
20210429,3100793
20210430,2514461
20210501,2149611
20210502,2069364
20210503,2889365
20210504,3001801
20210505,3060990
20210506,3498838
20210507,1627556
20210509,1942115
20210512,3337453
20210513,3008836
20210514,2746192
20210515,2056954
20210516,2102357
20210517,3183401
20210518,3277100
20210519,3644902
20210520,2926767
20210521,2943077
20210522,2032850
20210523,2077165
20210524,3106750
20210525,3738287
20210526,3706358
20210527,3664325
20210528,4446810
20210529,2165042
20210530,2357923
20210531,2957765
20210601,3312569
20210602,3059230
20210603,3101738
20210604,2851690
20210605,2572238
20210606,2588100
20210607,3316824
20210608,3470826
20210609,3092684
20210610,2989246
20210611,3629132
20210612,2264221
20210613,2037894
20210614,2988575
20210615,3179221
20210616,3632680
20210617,3421939
20210618,2889796
20210619,2015769
20210620,1990424
20210621,3151500
20210622,3145298
20210623,3015007
20210624,2927332
20210625,2784748
20210626,1980460
20210627,1962932
20210628,3011368
20210629,3149773
20210630,3111187
20210701,3189713
20210702,2782010
20210703,1958468
20210704,1976301
20210705,2914108
20210706,2950218
20210707,2971787
20210708,2906331
20210709,2718917
20210710,1854613
20210711,1893543
20210712,3110585
20210713,3599209
20210714,2981107
20210715,2932937
20210716,2667847
20210717,1873419
20210718,1918844
20210719,3115009
20210720,3132300
20210721,3102173
20210722,3039958
20210723,2819583
20210724,1974125
20210725,1949094
20210726,3007608
20210727,3035016
20210728,2996421
20210729,2872645
20210730,2753468
20210731,2075397
20210801,2143431
20210802,3097835
20210803,3198010
20210804,4032704
20210805,3180899
20210806,2791827
20210807,2008165
20210808,2025942
20210809,3090772
20210810,3054149
20210811,4715331
20210812,4672661
20210813,2898071
20210814,2140566
20210815,2383449
20210816,3327570
20210817,3138625
20210818,2954144
20210819,2924889
20210820,2718899
20210821,1938699
20210822,1933493
20210823,3121878
20210824,2946580
20210825,2143294
20210827,80254
20210828,2065681
20210829,2100616
20210830,3211436
20210831,3360234
20210901,3177754
20210902,3329133
20210903,2910960
20210904,2012797
20210905,2068252
20210906,2957370
20210907,3049500
20210908,2993882
20210909,3134657
20210910,2955122
20210911,1963219
20210912,2097303
20210913,3271725
20210914,3252585
20210915,3199401
20210916,3193840
20210917,3081446
20210918,2225868
20210919,2166780
20210920,3119184
20210921,4380464
20210922,3621039
20210923,3138847
20210924,2905132
20210925,2089581
20210926,2211120
20210927,2965270
20210928,2584730
20210929,3233713
20210930,3273856
20211001,3192091
20211002,2323080
20211003,2320724
20211004,3266945
20211005,2819208
20211006,356987
20211007,1032874
20211008,1140800
20211009,1349859
20211010,1371894
20211011,1085079
20211012,1241591
20211013,1029920
20211014,1071193
20211015,1078139
20211016,1300098
20211017,1369883
20211018,1014229
20211019,1060245
20211020,1067527
20211021,1051387
20211022,257029
20211023,103744
20211024,163276
20211025,57932
20211029,542059
20211030,2222092
20211031,2307447
20211101,3459956
20211102,3197352
20211103,3321785
20211104,3330503
20211105,3089465
20211106,2224859
20211107,2323725
20211108,3630415
20211109,3466195
20211110,3430620
20211111,3259017
20211112,3154165
20211113,2261402
20211114,2358023
20211115,3489948
20211116,3503810
20211117,3405351
20211118,3312198
20211119,3087799
20211120,2185011
20211121,2249042
20211122,3386443
20211123,3281947
20211124,3275523
20211125,3043898
20211126,2781786
20211127,2049398
20211128,2338164
20211129,3473617
20211130,3580583
20211201,3607185
20211202,3458209
20211203,3254332
20211204,2469096
20211205,2468628
20211206,3623193
20211207,3609173
20211208,3517252
20211209,3837425
20211210,3522012
20211211,2393475
20211212,2463806
20211213,3716569
20211214,3756068
20211215,3488516
20211216,3425457
20211217,3190474
20211218,2396731
20211219,2321205
20211220,3564587
20211221,3198748
20211222,3081612
20211223,2830379
20211224,2332566
20211225,1787396
20211226,1943970
20211227,2729465
20211228,2777629
20211229,2790952
20211230,2640337
20211231,2327689
20220101,2141038
20220102,2267731
20220103,3085645
20220104,3259519
20220105,3505069
20220106,3753546
20220107,3196237
20220108,2392373
20220109,2461751
20220110,3539721
20220111,3426463
20220112,3417527
20220113,4287288
20220114,4179060
20220115,2874305
20220116,2451436
20220117,3412018
20220118,3366680
20220119,3562231
20220120,3539267
20220121,3632850
20220122,3327553
20220123,2497579
20220124,3508506
20220125,3450945
20220126,3420092
20220127,3390876
20220128,3247654
20220129,2451687
20220130,2423789
20220131,3363057
20220201,3420110
20220202,3357653
20220203,3326650
20220204,3199294
20220205,2488685
20220206,2576906
20220207,3598314
20220208,3530528
20220209,3631015
20220210,4476423
20220211,4766991
20220212,5375620
20220213,5762894
20220214,3650938
20220215,3484938
20220216,3510326
20220217,3789198
20220218,5460368
20220219,3956765
20220220,2622838
20220221,3619523
20220222,3552927
20220223,3511401
20220224,3460983
20220225,3273317
20220226,5908147
20220227,4574359
20220228,3492169
20220301,3694890
20220302,4459088
20220303,3473684
20220304,3281128
20220305,2416721
20220306,2440821
20220307,3625399
20220308,3627073
20220309,3352294
20220310,3329015
20220311,3336483
20220312,2419302
20220313,2531568
20220314,3545669
20220315,3444587
20220316,3386885
20220317,3253849
20220318,3321909
20220319,2543900
20220320,2503682
20220321,3428524
20220322,3282470
20220323,3399422
20220324,3527943
20220325,3561672
20220326,3546325
20220327,2902042
20220328,3724014
20220329,3660389
20220330,3899464
20220331,4093349
20220401,3706285
20220402,2651269
20220403,2647025
20220404,3651267
20220405,3519403
20220406,3680385
20220407,3462994
20220408,3475629
20220409,3295693
20220410,2713871
20220411,3799804
20220412,4699098
20220413,3460929
20220414,3094125
20220415,3132270
20220416,2438662
20220417,2450527
20220418,3454314
20220419,3533661
20220420,3493317
20220421,3459205
20220422,3643483
20220423,2645878
20220424,2556259
20220425,3594591
20220426,3539750
20220427,3592951
20220428,3535116
20220429,4437298
20220430,2368841
20220501,2681920
20220502,3560631
20220503,3387116
20220504,3256901
20220505,3359265
20220506,3033169
20220507,2543452
20220508,2449948
20220509,3400717
20220510,3365344
20220511,3402623
20220512,3348489
20220513,3282640
20220514,2419566
20220515,2507875
20220516,3588051
20220517,3474133
20220518,3450693
20220519,3338983
20220520,3461163
20220521,2491917
20220522,2524175
20220523,3493286
20220524,3285555
20220525,3691219
20220526,3460269
20220527,3198801
20220528,2418570
20220529,2465324
20220530,3578786
20220531,3082397
20220601,4410886
20220602,3649767
20220603,3683225
20220604,2520512
20220605,2550245
20220606,3512199
20220607,3357820
20220608,3331948
20220609,3219196
20220610,3513212
20220611,2402687
20220612,2498290
20220613,3336314
20220614,3283892
20220615,3268144
20220616,3324526
20220617,3568076
20220618,2512126
20220619,2497753
20220620,3436308
20220621,3941354
20220622,3664426
20220623,3577350
20220624,3228223
20220625,2629587
20220626,2469464
20220627,3337900
20220628,3260743
20220629,3153178
20220630,3199217
20220701,3300828
20220702,2464435
20220703,2579674
20220704,3440705
20220705,3260563
20220706,3622856
20220707,3933666
20220708,3315264
20220709,2495969
20220710,2519683
20220711,3231035
20220712,3241429
20220713,3229498
20220714,3282324
20220715,3367872
20220716,2662782
20220717,2690588
20220718,3590493
20220719,3427586
20220720,4194902
20220721,4321971
20220722,4052691
20220723,2501028
20220724,2503381
20220725,3788561
20220726,3731241
20220727,3706892
20220728,3691734
20220729,3534609
20220730,2464694
20220731,2524255
20220801,4037704
20220802,3795294
20220803,3734513
20220804,3691365
20220805,3516859
20220806,2501830
20220807,2569361
20220808,3834627
20220809,3784051
20220810,3803036
20220811,3743161
20220812,3478109
20220813,2582253
20220814,2502517
20220815,3695324
20220816,3733587
20220817,3675976
20220818,3611723
20220819,3518735
20220820,2531011
20220821,2618049
20220822,3912134
20220823,3945019
20220824,3865930
20220825,3784690
20220826,3653310
20220827,2649814
20220828,2538408
20220829,4069581
20220830,4215956
20220831,4235869
20220901,4180112
20220902,3655277
20220903,2584387
20220904,2706756
20220905,4055693
20220906,4035598
20220907,3915797
20220908,4362282
20220909,3840736
20220910,2782928
20220911,2798594
20220912,3999115
20220913,3998808
20220914,4003054
20220915,4036182
20220916,3841323
20220917,2895643
20220918,3001034
20220919,4252129
20220920,4132021
20220921,4123391
20220922,4176519
20220923,3963967
20220924,2916220
20220925,3005134
20220926,4302833
20220927,4163212
20220928,4200244
20220929,4118342
20220930,4053408
20221001,3306073
20221002,3168403
20221003,4374157
20221004,4305062
20221005,4496343
20221006,5164248
20221007,3955046
20221008,3234874
20221009,3274278
20221010,4409578
20221011,4415634
20221012,4579493
20221013,4328208
20221014,4184000
20221015,3247760
20221016,3398194
20221017,4693091
20221018,4599716
20221019,4742425
20221020,4795216
20221021,4287548
20221022,3128317
20221023,3164670
20221024,4490160
20221025,4414093
20221026,4403387
20221027,4307529
20221028,3970452
20221029,3511354
20221030,3587912
20221031,4341630
20221101,4357644
20221102,4165805
20221103,4016816
20221104,3721481
20221105,2742807
20221106,3025898
20221107,4205736
20221108,4486349
20221109,4283909
20221110,4382312
20221111,3969009
20221112,3182822
20221113,3085403
20221114,4292698
20221115,4247995
20221116,4663507
20221117,4278123
20221118,4349500
20221119,3516234
20221120,2968277
20221121,4262540
20221122,3989400
20221123,4598780
20221124,3843037
20221125,3302031
20221126,2871258
20221127,2922057
20221128,4209787
20221129,4265331
20221130,4157103
20221201,4248962
20221202,3483035
20221203,3496074
20221204,4244444
20221205,5098985
20221206,5142339
20221207,5205456
20221208,4904968
20221209,4661849
20221210,4675617
20221211,4792200
20221212,5033420
20221213,4706969
20221214,4850006
20221215,4082156
20221216,3267188
20221217,2788534
20221218,2844226
20221219,4030092
20221220,3659494
20221221,3799510
20221222,3923919
20221223,3311588
20221224,2428114
20221225,2267040
20221226,3172542
20221227,3277159
20221228,3289110
20221229,3299525
20221230,3244666
20221231,2545287
20230101,3161108
20230102,3519323
20230103,4013043
20230104,4423793
20230105,4562529
20230106,4375409
20230107,3825243
20230108,3166886
20230109,4393916
20230110,4260131
20230111,4351830
20230112,4076179
20230113,4021697
20230114,3100973
20230115,3155709
20230116,4238839
20230117,4196477
20230118,4396328
20230119,4363336
20230120,4015988
20230121,3004281
20230122,3042410
20230123,4190888
20230124,4417131
20230125,4137308
20230126,4071437
20230127,3922078
20230128,2963711
20230129,3087790
20230130,4466386
20230131,4429038
20230201,4551528
20230202,4392787
20230203,4042149
20230204,3093246
20230205,3033768
20230206,4355012
20230207,4370481
20230208,4434953
20230209,4378861
20230210,4111513
20230211,3111709
20230212,3046718
20230213,4528035
20230214,4450956
20230215,4357278
20230216,4373902
20230217,4155114
20230218,2976066
20230219,3029266
20230220,4300605
20230221,4344945
20230222,4326914
20230223,4343447
20230224,4097176
20230225,3166722
20230226,2926995
20230227,3818617
20230228,4451667
20230301,4595938
20230302,4390086
20230303,3897845
20230304,3679183
20230305,3578118
20230306,4529845
20230307,4817318
20230308,4525638
20230309,5035867
20230310,4013085
20230311,3263884
20230312,3035824
20230313,4450562
20230314,4594345
20230315,4349732
20230316,4370182
20230317,3846056
20230318,3185833
20230319,3204695
20230320,4109729
20230321,4206013
20230322,4080019
20230323,4038162
20230324,4137521
20230325,3292465
20230326,3280143
20230327,3966008
20230328,4032005
20230329,4052866
20230330,3911736
20230331,3979775
20230401,3162145
20230402,3179568
20230403,4155842
20230404,4233396
20230405,4030263
20230406,4019307
20230407,3798812
20230408,3066557
20230409,3066764
20230410,4041110
20230411,3850048
20230412,4674011
20230413,3988807
20230414,4047212
20230415,3122133
20230416,3123776
20230417,4203949
20230418,4168337
20230419,4161503
20230420,4118464
20230421,4105341
20230422,3009809
20230423,3141010
20230424,3987780
20230425,4007398
20230426,4017616
20230427,3966776
20230428,3837934
20230429,2977792
20230430,2937153
20230501,3980602
20230502,3885369
20230503,3988373
20230504,3996984
20230505,3968121
20230506,3233215
20230507,3213629
20230508,4011526
20230509,3816353
20230510,3802250
20230511,3818122
20230512,3728635
20230513,2940157
20230514,2937760
20230515,3956466
20230516,3959851
20230517,3813659
20230518,3828446
20230519,3601412
20230520,2905805
20230521,2916319
20230522,3992784
20230523,3876374
20230524,3882899
20230525,3789777
20230526,3815352
20230527,2882739
20230528,2950601
20230529,3842505
20230530,3783501
20230531,3882515
20230601,3932733
20230602,3770850
20230603,2875710
20230604,2959185
20230605,3931929
20230606,3801595
20230607,3836656
20230608,3880333
20230609,3759476
20230610,2970385
20230611,2943308
20230612,4031577
20230613,4071039
20230614,4091975
20230615,3828156
20230616,3642480
20230617,2773481
20230618,2833321
20230619,3679387
20230620,3976983
20230621,4054594
20230622,3862689
20230623,3746712
20230624,2802278
20230625,2925125
20230626,4004024
20230627,4054950
20230628,3891191
20230629,3603655
20230630,3716994
20230701,2881428
20230702,2576652
20230703,3915960
20230704,3727056
20230705,4044132
20230706,4121469
20230707,3908648
20230708,2954405
20230709,2934582
20230710,4097912
20230711,4172226
20230712,4082814
20230713,3982452
20230714,3933757
20230715,2876663
20230716,2843326
20230717,3972802
20230718,3843886
20230719,3977728
20230720,4095054
20230721,3848154
20230722,2980018
20230723,2939100
20230724,4070113
20230725,3761518
20230726,4029945
20230727,3983803
20230728,3765027
20230729,2817279
20230730,2876882
20230731,3959377
20230801,4070295
20230802,3926921
20230803,4060486
20230804,3790703
20230805,2923581
20230806,2882250
20230807,4073005
20230808,4072879
20230809,3910436
20230810,3994879
20230811,3879235
20230812,2936703
20230813,2969872
20230814,3975493
20230815,3923292
20230816,4021403
20230817,4004944
20230818,3847847
20230819,2976903
20230820,2918223
20230821,4079142
20230822,4031953
20230823,3948190
20230824,4050068
20230825,3985827
20230826,2968946
20230827,2988689
20230828,4079832
20230829,4026451
20230830,4033132
20230831,3989424
20230901,3984891
20230902,2922053
20230903,2938619
20230904,4108792
20230905,4147458
20230906,4096031
20230907,4104609
20230908,4057551
20230909,3047457
20230910,3073053
20230911,4382980
20230912,4329911
20230913,4252758
20230914,4214268
20230915,4025811
20230916,3065217
20230917,3025454
20230918,4313706
20230919,4170466
20230920,4215179
20230921,4235073
20230922,4015535
20230923,3118757
20230924,3075326
20230925,4326743
20230926,4294210
20230927,4151597
20230928,4092435
20230929,3864214
20230930,2977513
20231001,3367719
20231002,4288948
20231003,4341304
20231004,4264305
20231005,4203815
20231006,4039891
20231007,3203009
20231008,3235706
20231009,4300361
20231010,4311803
20231011,4402284
20231012,4231961
20231013,4072991
20231014,3086345
20231015,3147149
20231016,4320640
20231017,4356488
20231018,4411306
20231019,4358461
20231020,4141496
20231021,3087286
20231022,3113578
20231023,4377988
20231024,4428696
20231025,4439831
20231026,4456262
20231027,4192539
20231028,3142705
20231029,3151674
20231030,4553867
20231031,4456482
20231101,4372508
20231102,4331045
20231103,4093549
20231104,3139728
20231105,3181056
20231106,4492113
20231107,4513363
20231108,4221673
20231109,4397374
20231110,4127805
20231111,3115286
20231112,3183035
20231113,4482847
20231114,4219685
20231115,4510762
20231116,4555515
20231117,4374921
20231118,3384991
20231119,3452144
20231120,4717322
20231121,4688124
20231122,4534466
20231123,4373377
20231124,4140758
20231125,3396933
20231126,4987688
20231127,6145749
20231128,5909857
20231129,5635219
20231130,6717054
20231201,6945122
20231202,6844507
20231203,7679489
20231204,7219614
20231205,5267581
20231206,6562875
20231207,7022385
20231208,6866936
20231209,4155743
20231210,3589618
20231211,5610419
20231212,4814961
20231213,4391165
20231214,4378788
20231215,4104772
20231216,3487652
20231217,3264376
20231218,4476395
20231219,4369008
20231220,4245101
20231221,4140732
20231222,3887064
20231223,3091470
20231224,3023246
20231225,3334103
20231226,3642537
20231227,3969066
20231228,4106119
20231229,4234033
20231230,3670388
20231231,3420769
20240101,3879843
20240102,4304466
20240103,4814699
20240104,4743665
20240105,4745538
20240106,3347529
20240107,3968603
20240108,4868562
20240109,5328809
20240110,5048176
20240111,4832067
20240112,4766247
20240113,3899437
20240114,4227700
20240115,5528301
20240116,5357221
20240117,5257143
20240118,5091142
20240119,4954670
20240120,4070841
20240121,4177815
20240122,5380038
20240123,5314663
20240124,5233470
20240125,5128269
20240126,4804065
20240127,3965609
20240128,4132486
20240129,5614810
20240130,5843296
20240131,5401948
20240201,5741252
20240202,5673054
20240203,4985481
20240204,4956032
20240205,5589778
20240206,5774385
20240207,5835239
20240208,5543162
20240209,5351481
20240210,4656029
20240211,4771744
20240212,5822690
20240213,5974100
20240214,5843580
20240215,5071383
20240216,5732345
20240217,5127664
20240218,5302233
20240219,6130702
20240220,6340470
20240221,6525937
20240222,6564284
20240223,6802272
20240224,6294264
20240225,6148274
20240226,6543772
20240227,5927866
20240228,5857615
20240229,5674617
20240301,5480635
20240302,4578572
20240303,4614084
20240304,5751958
20240305,5760002
20240306,5899775
20240307,6400002
20240308,6128552
20240309,5308746
20240310,5287580
20240311,6090334
20240312,5452980
20240313,5908803
20240314,6247451
20240315,4940199
20240316,3910443
20240317,3838020
20240318,5262209
20240319,5327859
20240320,5103120
20240321,5046106
20240322,4767156
20240323,3790402
20240324,3818381
20240325,5205410
20240326,5393828
20240327,5396274
20240328,5349436
20240329,4899002
20240330,4287990
20240331,4254358
20240401,5614031
20240402,6117117
20240403,6260970
20240404,6037028
20240405,5722565
20240406,4883245
20240407,5157701
20240408,6160265
20240409,6006027
20240410,5845306
20240411,5687324
20240412,5155781
20240413,4125685
20240414,3685328
20240415,5450249
20240416,5415641
20240417,5719873
20240418,5712041
20240419,5434210
20240420,4118687
20240421,4205008
20240422,5694909
20240423,5489793
20240424,5489203
20240425,5398998
20240426,5188510
20240427,4074896
20240428,4123505
20240429,5617560
20240430,5329564
20240501,5133499
20240502,5352449
20240503,5055035
20240504,4013358
20240505,4144477
20240506,5520661
20240507,5211884
20240508,5153928
20240509,4890020
20240510,4831035
20240511,3917033
20240512,3873723
20240513,5273331
20240514,5206540
20240515,5155191
20240516,5190464
20240517,5019101
20240518,4162896
20240519,4188309
20240520,5374438
20240521,5446263
20240522,5248270
20240523,5132432
20240524,4585884
20240525,3806121
20240526,3877345
20240527,5094100
20240528,5089231
20240529,5208813
20240530,5041651
20240531,4920516
20240601,4041493
20240602,3953873
20240603,5233454
20240604,5273178
20240605,5328069
20240606,5079512
20240607,4828096
20240608,3968195
20240609,3929816
20240610,5201285
20240611,5041997
20240612,5092448
20240613,4980149
20240614,4736525
20240615,3734445
20240616,3800230
20240617,5093141
20240618,5080083
20240619,4903332
20240620,5011845
20240621,4751585
20240622,3792857
20240623,3865651
20240624,5040714
20240625,5037653
20240626,4988873
20240627,4881801
20240628,4662268
20240629,3639810
20240630,3668538
20240701,5093215
20240702,5054260
20240703,4991606
20240704,4685241
20240705,4463149
20240706,3748775
20240707,3780572
20240708,4991087
20240709,5073166
20240710,4991951
20240711,4901773
20240712,4601798
20240713,3673253
20240714,3547194
20240715,4914751
20240716,4870089
20240717,4836566
20240718,4724216
20240719,4499360
20240720,3616185
20240721,3615363
20240722,4911247
20240723,4915431
20240724,4802817
20240725,4813444
20240726,4585809
20240727,3679425
20240728,3668282
20240729,4905826
20240730,4867035
20240731,4829855
20240801,5003653
20240802,4659031
20240803,3704072
20240804,3665945
20240805,4818463
20240806,4948413
20240807,4875979
20240808,4803900
20240809,4542788
20240810,3612993
20240811,3644488
20240812,4921064
20240813,4783807
20240814,4679055
20240815,4643470
20240816,4615789
20240817,3904564
20240818,3912150
20240819,5034225
20240820,4943699
20240821,4948811
20240822,4915293
20240823,4717653
20240824,3831047
20240825,3844107
20240826,5108621
20240827,4891257
20240828,5082900
20240829,4862780
20240830,4709510
20240831,3864736
20240901,3964263
20240902,4884995
20240903,5036612
20240904,5036926
20240905,5024957
20240906,4847336
20240907,3879172
20240908,3925318
20240909,5251921
20240910,4913703
20240911,5012042
20240912,5164855
20240913,4831211
20240914,3896188
20240915,3805724
20240916,5031874
20240917,5003765
20240918,5142245
20240919,5094353
20240920,4897099
20240921,3992319
20240922,3950279
20240923,5292103
20240924,5314898
20240925,5178253
20240926,5175222
20240927,4948553
20240928,3981320
20240929,4164272
20240930,5278149
20241001,5180762
20241002,4994066
20241003,4891785
20241004,4763137
20241005,4038294
20241006,4116307
20241007,5531508
20241008,5557408
20241009,5521552
20241010,5400881
20241011,5179154
20241012,4264296
20241013,4242321
20241014,5393683
20241015,5378686
20241016,5431405
20241017,5438323
20241018,5291082
20241019,4505129
20241020,4474282
20241021,5616080
20241022,5655454
20241023,5545307
20241024,5370355
20241025,5249762
20241026,4237222
20241027,4204034
20241028,5528045
20241029,5536454
20241030,5350644
20241031,5273133
20241101,5153751
20241102,4153883
20241103,4237313
20241104,5504481
20241105,5436624
20241106,5435286
20241107,5458468
20241108,5335550
20241109,4436456
20241110,4522332
20241111,5558780
20241112,5611025
20241113,5655514
20241114,5554486
20241115,5378008
20241116,4541054
20241117,4603240
20241118,5675505
20241119,5690623
20241120,5631505
20241121,5593455
20241122,5377675
20241123,4624973
20241124,4648290
20241125,5806523
20241126,5797325
20241127,5678482
20241128,5451403
20241129,5187972
20241130,4573060
20241201,4873196
20241202,5780046
20241203,5529609
20241204,5410308
20241205,5323768
20241206,5148142
20241207,4232318
20241208,4328028
20241209,5484054
20241210,5311826
20241211,5093430
20241212,4259217
20241213,4692971
20241214,4131848
20241215,4188473
20241216,5201094
20241217,5071704
20241218,5225133
20241219,5213031
20241220,4987518
20241221,3865230
20241222,3999392
20241223,4814450
20241224,4370174
20241225,3865232
20241226,4275598
20241227,4414832
20241228,3954203
20241229,3964314
20241230,4597917
20241231,4135023
20250101,3909993
20250102,4677256
20250103,4740429
20250104,4185463
20250105,4135646
20250106,5213641
20250107,5216121
20250108,5611309
20250109,5238650
20250110,5755702
20250111,5762897
20250112,4703085
20250113,5329715
20250114,5580100
20250115,5307607
20250116,5360096
20250117,5192643
20250118,4318109
20250119,4332286
20250120,5497126
20250121,5483379
20250122,5484898
20250123,5413659
20250124,5315976
20250125,4463252
20250126,4491867
20250127,5471419
20250128,5376056
20250129,5312491
20250130,5233295
20250131,5088950
20250201,4494000
20250202,4382158
20250203,5497946
20250204,5537306
20250205,5565743
20250206,5454454
20250207,5479838
20250208,4786276
20250209,4790044
20250210,5815775
20250211,5969376
20250212,5980774
20250213,5911796
20250214,5641583
20250215,4669434
20250216,4735355
20250217,5845423
20250218,5788112
20250219,5799844
20250220,5808113
20250221,5650696
20250222,5078594
20250223,4865607
20250224,5904394
20250225,5816913
20250226,5923721
20250227,5851844
20250228,5634738
20250301,5034339
20250302,4917634
20250303,5869215
20250304,5813925
20250305,5874744
20250306,5839634
20250307,5777776
20250308,4933728
20250309,4990582
20250310,6011757
20250311,5896488
20250312,6005191
20250313,5991830
20250314,5825770
20250315,5029646
20250316,4970534
20250317,5962056
20250318,5925736
20250319,5878867
20250320,5830631
20250321,5671306
20250322,4806313
20250323,4820949
20250324,5910333
20250325,5897844
20250326,5794782
20250327,5830634
20250328,5596191
20250329,4842910
20250330,4780535
20250331,5822853
20250401,5853069
20250402,5798187
20250403,5754516
20250404,5460391
20250405,4795535
20250406,4864605
20250407,5884082
20250408,5885707
20250409,5754672
20250410,6365925
20250411,5500638
20250412,4560855
20250413,4567024
20250414,5699521
20250415,5634352
20250416,5400352
20250417,5382716
20250418,5240446
20250419,4656469
20250420,4604371
20250421,5543534
20250422,5791246
20250423,5714370
20250424,5751288
20250425,5518700
20250426,4677684
20250427,4781531
20250428,5682018
20250429,5715881
20250430,5597099
20250501,5284549
20250502,5050236
20250503,4529983
20250504,4599988
20250505,5731053
20250506,5757069
20250507,5675203
20250508,5608564
20250509,5490372
20250510,4706763
20250511,4662120
20250512,5818297
20250513,5731809
20250514,5713731
20250515,5547296
20250516,5408091
20250517,4670037
20250518,4727937
20250519,5821837
20250520,5759769
20250521,5758579
20250522,5535653
20250523,5024929
20250524,3423939
20250525,3441704
20250526,3488035
20250527,3619721
20250528,3423778
20250529,3500800
20250530,3648593
20250531,3391524
20250601,3425473
20250602,3671908
20250603,3554024
20250604,3618774
20250605,3554267
20250606,3535277
20250607,3311522
20250608,3347951
20250609,3695418
20250610,3689362
20250611,3732432
20250612,3256348
20250613,3673075
20250614,3427828
20250615,3472378
20250616,3751170
20250617,3704114
20250618,3701632
20250619,3719509
20250620,3673787
20250621,3418104
20250622,3454701
20250623,3764763
20250624,3814443
20250625,3731969
20250626,3712082
20250627,3713900
20250628,3467271
20250629,3452592
20250630,3716756
20250701,3748409
20250702,3723462
20250703,3718840
20250704,3653861
20250705,3459562
20250706,3499670
20250707,3795929
20250708,3780816
20250709,3750282
20250710,3704020
20250711,3696723
20250712,3485974
20250713,3520276
20250714,3792302
20250715,3810192
20250716,3765434
20250717,3761851
20250718,3742758
20250719,3483992
20250720,3330840
20250721,3757879
20250722,3796168
20250723,3774146
20250724,3742414
20250725,3704445
20250726,3461726
20250727,3504622
20250728,3779801
20250729,3738396
20250730,3731492
20250731,3726254
20250801,3721522
20250802,3479506
20250803,3457217
20250804,3397436
20250805,3753576
20250806,3752363
20250807,3740540
20250808,3717317
20250809,3552233
20250810,3584858
20250811,3819033
20250812,3823379
20250813,3794323
20250814,3704417
20250815,3695399
20250816,3523695
20250817,3540779
20250818,3779830
20250819,3786286
20250820,3788999
20250821,3805020
20250822,3766494
20250823,3566650
20250824,3673511
20250825,3751769
20250826,3743984
20250827,3740260
20250828,3733827
20250829,3750290
20250830,3508599
20250831,3524241
20250901,3770527
20250902,3791276
20250903,3783026
20250904,3869378
20250905,3847568
20250906,3577960
20250907,3422584
20250908,2634316
20250909,3830145
20250910,3827868
20250911,3706687
20250912,3768889
20250913,3631948
20250914,3623368
20250915,3964386
20250916,3863044
20250917,3507039
20250918,3750477
20250919,3832521
20250920,3643855
20250921,3677555
20250922,3902722
20250923,3922570
20250924,3815767
20250925,3700107
20250926,3878921
20250927,3693321
20250928,3868309
20250929,4102878
20250930,4004517
20251001,4022500
20251002,3914132
20251003,3812894
20251004,3686983
20251005,3712251
20251006,3902553
20251007,3875261
20251008,2769429
20251009,18906
20251010,18864
20251011,14606
20251012,15534
20251013,18241
20251014,424570
20251015,3465925
20251016,3487226
20251017,3479249
20251018,3451114
20251019,3486954
20251020,3502555
20251021,3483134
20251022,3406531
20251023,3458319
20251024,3514107
20251025,3463159
20251026,3494666
20251027,3754482
20251028,3687579
20251029,3539503
20251030,3491217
20251031,3429476
20251101,3474670
20251102,3442842
20251103,3515199
20251104,3498169
20251105,3505893
20251106,3461383
20251107,3519744
20251108,3476749
20251109,3471184
20251110,3580697
20251111,3701131
20251112,3521106
20251113,3493057
20251114,3504416
20251115,3480001
20251116,3511452
20251117,3532382
20251118,3568312
20251119,3781961
20251120,3650876
20251121,3584620
20251122,3496609
20251123,3548546
20251124,3646699
20251125,3579449
20251126,3603396
20251127,3624188
20251128,3539962
20251129,3506906
20251130,3536704
20251201,3677419
20251202,3598504
20251203,3581418
20251204,3523841
20251205,3554300
20251206,3511797
20251207,3499826
20251208,3614751
20251209,3564231
20251210,3526091
20251211,3523900
20251212,3558438
20251213,3525668
20251214,3499574
20251215,3598575
20251216,3549937
20251217,3534078
20251218,3547928
20251219,3546286
20251220,3486199
20251221,3500460
20251222,3547185
20251223,3534770
20251224,3502631
20251225,3415433
20251226,3485923
20251227,3467759
20251228,3432466
20251229,3525919
20251230,3536192
20251231,3547795
20260101,3504602
20260102,3511655
20260103,3510021
20260104,3519310
20260105,3563604
20260106,3555506
20260107,3533855
20260108,3540645
20260109,3554410
20260110,3524899
20260111,3542937
20260112,3554887
20260113,3539940
20260114,3520584
20260115,3419124
20260116,3583858
20260117,3579582
20260118,3544554
20260119,3555867
20260120,3513035
20260121,3431256
20260122,3495171
20260123,3509532
20260124,3612883
20260125,3418863
20260126,3487246
20260127,3517085
20260128,3547368
20260129,3532940
20260130,3532367
20260131,3569212
20260201,3577486
20260202,3545545
20260203,3564211
20260204,3585835
20260205,3397664
20260206,3487076
20260207,3520576
20260208,3548000
20260209,3320161
20260210,3175766
20260211,3333426
20260212,3437181
20260213,3503351
20260214,3551068
20260215,3551943
20260216,3588308
20260217,3501600
20260218,3519587
20260219,3493384
20260220,3569818
20260221,3633139
20260222,3645185
20260223,3604056
20260224,3401107
20260225,3383655
20260226,3490863
20260227,3677786
20260228,3719732
20260301,3682083
20260302,3667725
20260303,3644003
20260304,3669042
20260305,3703284
20260306,3712731
20260307,3716832
20260308,3730993
20260309,3741210
20260310,3751731
20260311,3725640
20260312,3633980
20260313,3656408
20260314,3707045
20260315,3712501
20260316,3706270
20260317,3666779
20260318,3682684
20260319,3720634
20260320,3675062
20260321,3841116
20260322,3854681
20260323,3841219
20260324,3812195
20260325,3854138
20260326,3853913
20260327,3881241
20260328,3903499
20260329,3885955
20260330,3827694
20260331,3785256
20260401,3763460
20260402,3735151
20260403,3784006
20260404,3742534
20260405,3690886
20260406,3684607
20260407,3588044
20260408,3719021
20260409,3692049
20260410,3729565
20260411,3680754
20260412,3656141
20260413,3758977
20260414,3720674
20260415,3739144
20260416,3767796
20260417,3650597
20260418,3605682
20260419,3616781
20260420,3619458
20260421,3621897
20260422,3721317
20260423,3686071
20260424,3665336
20260425,3573120
20260426,3613519
20260427,3634002
20260428,3658498
20260429,3702818
20260430,2163971
20260501,3468212
20260502,3731173
20260503,3710809
20260504,3627967
20260505,3632860
20260506,3634433
20260507,3621232
20260508,3649951
20260509,3677385
20260510,3589355
20260511,3549005
20260512,3546395
20260513,3539729
20260514,3683935
20260515,3234432
20260516,3676339
20260517,3702517
20260518,2949497
20260519,3592656
20260520,3661428
20260521,3618525
20260522,3673503
20260523,3728078
20260524,3744933
20260525,3769882
20260526,3688116
20260527,3666766
20260528,3640247
20260529,3701407
20260530,3754240
20260531,3796309
20260601,3749472
20260602,3300856
20260603,3217621
20260604,3011557
20260605,3236898
20260606,3841100
20260607,3821313
20260608,3773692
20260609,3800471
20260610,3748046
20260611,3817175
20260612,3813257
20260613,3862101
20260614,3851439
20260615,3839874
20260616,3832122
20260617,3851629
20260618,3872142
20260619,3876359
20260620,3867139
20260621,3858683
20260622,3680127
20260623,3740387
20260624,3844631
20260625,3831358
20260626,3795000
20260627,3868704
20260628,3935819
20260629,3853813
20260630,3847383
20260701,3832579
20260702,3877272
20260703,3905792
20260704,3984582
20260705,3842208
20260706,3953780
20260707,3922686
20260708,3942440
20260709,3985402
20260710,3941259
20260711,4092879
20260712,4041870
20260713,3977972
20260714,3941220
20260715,3948666
20260716,3721293
20260717,3955239
20260718,4030962
20260719,4049718
20260720,3968948
20260721,3958927
20260722,3927554
20260723,3881689
20260724,3983982
20260725,4063884
20260726,4064217
20260727,4000317
20260728,3921223
20260729,3978401
20260730,3963407
20260731,4013080
20260801,4071556
20260802,3569595
yesterday,0
