event_hour,total_events,total_events_human,push_events,push_events_human,bot_events,distinct_actors,distinct_actors_human,distinct_repos,distinct_push_repos
2026-07-01T00:00:00Z,161097,128848,135337,112259,32249,41903,41384,63384,54251
2026-07-01T01:00:00Z,158662,128764,131616,110633,29898,44677,44162,63451,53862
2026-07-01T02:00:00Z,160832,115795,138077,100082,45037,46198,45796,80633,71446
2026-07-01T03:00:00Z,160862,122913,136515,105876,37949,48240,47807,75540,66189
2026-07-01T04:00:00Z,162953,122338,140957,106836,40615,48915,48467,80375,71015
2026-07-01T05:00:00Z,161213,133910,136268,115816,27303,50271,49841,68286,57746
2026-07-01T06:00:00Z,158706,135138,135672,118094,23568,56047,55641,71501,61254
2026-07-01T07:00:00Z,155024,132935,131725,114667,22089,57311,56879,72031,61613
2026-07-01T08:00:00Z,158724,135395,135314,116839,23329,55085,54663,71098,61074
2026-07-01T09:00:00Z,160754,139779,139659,123028,20975,53676,53233,68849,59232
2026-07-01T10:00:00Z,158025,138011,139492,123582,20014,51911,51476,65995,56882
2026-07-01T11:00:00Z,163829,139619,141198,121904,24210,58517,58045,75613,65246
2026-07-01T12:00:00Z,161121,136532,138335,118539,24589,58799,58332,76402,66100
2026-07-01T13:00:00Z,158987,136439,136068,118032,22548,59495,59012,76539,65600
2026-07-01T14:00:00Z,158045,123146,136691,106443,34899,57848,57363,86866,76098
2026-07-01T15:00:00Z,160056,137442,133595,116134,22614,63146,62617,79461,67431
2026-07-01T16:00:00Z,156474,133856,129645,112697,22618,59799,59258,75926,63911
2026-07-01T17:00:00Z,162669,136868,139160,118517,25801,56436,55942,74663,64435
2026-07-01T18:00:00Z,156860,131551,132454,113071,25309,55972,55441,72157,61749
2026-07-01T19:00:00Z,163315,131504,136988,112087,31811,56991,56451,78881,68242
2026-07-01T20:00:00Z,159021,127392,131166,107258,31629,52969,52405,73419,62725
2026-07-01T21:00:00Z,160938,126312,131387,105344,34626,51349,50733,73671,63098
2026-07-01T22:00:00Z,158935,124185,129844,104699,34750,48127,47577,70191,59793
2026-07-01T23:00:00Z,155463,118514,123558,96733,36949,44385,43867,68133,57605
2026-07-02T00:00:00Z,157120,124393,124935,101798,32727,45255,44670,66186,55396
2026-07-02T01:00:00Z,160562,128702,131111,106882,31860,46854,46321,68609,57928
2026-07-02T02:00:00Z,161784,116155,137033,97278,45629,44908,44474,83370,72962
2026-07-02T03:00:00Z,160390,121525,136280,103727,38865,47683,47233,77649,67774
2026-07-02T04:00:00Z,164443,131894,142651,115155,32549,48975,48566,72388,63479
2026-07-02T05:00:00Z,167363,142212,141766,122839,25151,53970,53495,69346,59176
2026-07-02T06:00:00Z,161657,138374,139665,120930,23283,53813,53369,69902,60001
2026-07-02T07:00:00Z,160938,139218,135347,118258,21720,58651,58168,72646,61495
2026-07-02T08:00:00Z,160053,133564,135782,114280,26489,57209,56725,75914,64523
2026-07-02T09:00:00Z,159122,134824,134522,115793,24298,57583,57028,73743,62867
2026-07-02T10:00:00Z,162823,137844,139527,119332,24979,58351,57850,75917,65212
2026-07-02T11:00:00Z,160837,137417,138251,120063,23420,57435,56946,73081,62575
2026-07-02T12:00:00Z,163188,139443,138772,120042,23745,57436,56889,75921,64006
2026-07-02T13:00:00Z,158525,130247,134613,111063,28278,55805,55269,78832,67326
2026-07-02T14:00:00Z,157870,131862,131171,110576,26008,61328,60789,81380,68821
2026-07-02T15:00:00Z,161389,137080,134460,116528,24309,60951,60389,78851,66471
2026-07-02T16:00:00Z,160671,139988,137572,121011,20683,57937,57454,74622,63328
2026-07-02T17:00:00Z,156896,135071,135666,117506,21825,52472,52079,70220,60401
2026-07-02T18:00:00Z,164089,142058,143391,124979,22031,55372,54935,71931,62619
2026-07-02T19:00:00Z,164186,134136,142782,117050,30050,51737,51254,75457,66556
2026-07-02T20:00:00Z,162433,136686,141035,119135,25747,51379,50941,70764,62128
2026-07-02T21:00:00Z,167826,140111,146843,123221,27715,47967,47477,67956,59671
2026-07-02T22:00:00Z,160888,131073,137196,113082,29815,43410,42922,65057,56339
2026-07-02T23:00:00Z,162198,131397,140614,114746,30801,43110,42684,65256,57277
2026-07-03T00:00:00Z,164635,138540,139267,118802,26095,42997,42527,63261,54360
2026-07-03T01:00:00Z,160678,127607,140856,112198,33071,43201,42793,69314,61374
2026-07-03T02:00:00Z,167397,125718,147618,109910,41679,46782,46428,83108,74736
2026-07-03T03:00:00Z,160715,123669,140129,106966,37046,44612,44231,77200,68500
2026-07-03T04:00:00Z,160586,133012,137063,114162,27574,48922,48496,68947,59653
2026-07-03T05:00:00Z,165030,141391,141244,122559,23639,52409,52019,69051,59541
2026-07-03T06:00:00Z,163843,141229,142540,123678,22614,54487,54068,72174,62204
2026-07-03T07:00:00Z,166636,146586,145932,129310,20050,53848,53411,68691,58799
2026-07-03T08:00:00Z,161515,139970,142524,124472,21545,51265,50851,68585,58979
2026-07-03T09:00:00Z,165451,146806,147882,132260,18645,50097,49656,64675,55737
2026-07-03T10:00:00Z,158147,140335,141116,125990,17812,48009,47618,62394,53706
2026-07-03T11:00:00Z,160962,138994,141351,122677,21968,54086,53678,70275,61117
2026-07-03T12:00:00Z,167063,143504,145103,124803,23559,56472,56048,74753,65003
2026-07-03T13:00:00Z,157459,128560,137784,112028,28899,54653,54285,78629,69548
2026-07-03T14:00:00Z,165460,139087,138979,115921,26373,53821,53415,77111,67115
2026-07-03T15:00:00Z,161628,139427,136227,118058,22201,54603,54175,73081,62947
2026-07-03T16:00:00Z,162188,139874,140189,121560,22314,53222,52863,71026,61523
2026-07-03T17:00:00Z,162259,136436,141044,119324,25823,52473,52085,72402,63485
2026-07-03T18:00:00Z,163348,139121,139916,119942,24227,51578,51167,70375,61165
2026-07-03T19:00:00Z,162698,133810,142296,117274,28888,49415,49029,72728,64543
2026-07-03T20:00:00Z,162703,135556,142255,118931,27147,47699,47288,67397,59767
2026-07-03T21:00:00Z,163719,134381,140344,115496,29338,43558,43117,64604,57031
2026-07-03T22:00:00Z,165146,133741,140205,114467,31405,42563,42090,64812,56730
2026-07-03T23:00:00Z,156515,123572,128043,102754,32943,40454,39995,61055,52368
2026-07-04T00:00:00Z,160387,128779,128404,106202,31608,38911,38398,58039,48617
2026-07-04T01:00:00Z,164597,124041,139819,106420,40556,39444,38999,69127,60899
2026-07-04T02:00:00Z,164506,118957,143740,102914,45549,39666,39250,77528,70142
2026-07-04T03:00:00Z,160033,123111,141762,108282,36922,37681,37332,68143,61322
2026-07-04T04:00:00Z,166677,138697,145613,121960,27980,42828,42435,62618,54626
2026-07-04T05:00:00Z,167104,141191,143571,124073,25913,45386,45019,61899,52822
2026-07-04T06:00:00Z,166651,140369,147026,125236,26282,45868,45487,64142,55784
2026-07-04T07:00:00Z,165122,141559,147894,127229,23563,45730,45384,61934,54319
2026-07-04T08:00:00Z,165410,138165,148095,124263,27245,44956,44572,65035,57354
2026-07-04T09:00:00Z,167935,143504,150154,128680,24431,48573,48232,66311,58224
2026-07-04T10:00:00Z,171009,145269,152213,129848,25740,50313,49983,70770,62436
2026-07-04T11:00:00Z,165127,139213,143065,119611,25914,48273,47966,75255,64316
2026-07-04T12:00:00Z,168056,138729,150046,123533,29327,50512,50193,74423,66358
2026-07-04T13:00:00Z,170338,131299,152582,116203,39039,49707,49399,84571,76330
2026-07-04T14:00:00Z,165654,140666,147589,125399,24988,50235,49927,70169,61646
2026-07-04T15:00:00Z,165379,145702,150897,133132,19677,47234,46944,63033,55754
2026-07-04T16:00:00Z,170572,150703,156767,138917,19869,45738,45434,61142,54218
2026-07-04T17:00:00Z,163858,139173,146948,125159,24685,48587,48261,66510,58979
2026-07-04T18:00:00Z,169543,144035,151244,128563,25508,49494,49159,68099,60472
2026-07-04T19:00:00Z,164450,136325,146817,121457,28125,45331,44984,66364,59375
2026-07-04T20:00:00Z,175139,143708,155340,127792,31431,46740,46372,68843,61609
2026-07-04T21:00:00Z,162837,131734,141421,115142,31103,43584,43144,64067,56940
2026-07-04T22:00:00Z,164938,130622,138800,111063,34316,41095,40622,63625,55780
2026-07-04T23:00:00Z,159238,125455,129263,103144,33783,40514,40077,60580,52287
2026-07-05T00:00:00Z,156883,126860,123376,102788,30023,39334,38817,56331,47246
2026-07-05T02:00:00Z,164243,117915,142935,101522,46328,38954,38568,76604,68792
2026-07-05T03:00:00Z,164391,125493,142756,108624,38898,40847,40457,71407,63767
2026-07-05T04:00:00Z,164147,135591,146922,121944,28556,38970,38620,59797,53205
2026-07-05T05:00:00Z,172871,150669,145566,127163,22202,41407,41099,55967,49360
2026-07-05T06:00:00Z,164658,142065,141502,122579,22593,41845,41490,56989,49600
2026-07-05T07:00:00Z,166489,145115,145873,127449,21374,43566,43227,59016,51330
2026-07-05T08:00:00Z,167347,142329,148310,126053,25018,44664,44373,64014,56640
2026-07-05T09:00:00Z,164877,142839,147104,127877,22038,44452,44147,62531,54109
2026-07-05T10:00:00Z,170163,145097,153060,130844,25066,48165,47844,66956,59278
2026-07-05T11:00:00Z,165219,139845,147936,125139,25374,48775,48465,67414,59306
2026-07-05T12:00:00Z,166626,141984,147244,125121,24642,51540,51218,72310,63312
2026-07-05T13:00:00Z,169865,128648,152671,113876,41217,50679,50369,87863,79451
2026-07-05T14:00:00Z,169075,147045,151077,131697,22030,53883,53578,71848,63138
2026-07-05T15:00:00Z,166062,143835,148470,129043,22227,50828,50533,70427,61666
2026-07-05T16:00:00Z,167969,148154,152079,134920,19815,48912,48617,65654,57627
2026-07-05T17:00:00Z,167660,145476,150175,130776,22184,47965,47662,67596,58901
2026-07-05T18:00:00Z,167245,146334,148973,130822,20911,47361,47083,65725,57020
2026-07-05T19:00:00Z,171371,146178,154314,131648,25193,46675,46375,68461,60630
2026-07-05T20:00:00Z,170350,145515,153870,131653,24835,42096,41786,61394,54335
2026-07-05T21:00:00Z,168943,143952,151502,129500,24991,39917,39609,61267,53753
2026-07-05T22:00:00Z,168140,142786,151103,128881,25354,38705,38398,58697,51813
2026-07-05T23:00:00Z,167603,140778,150193,126650,26825,37597,37282,58108,51178
2026-07-06T00:00:00Z,167025,143075,146290,127971,23950,40198,39818,60434,51474
2026-07-06T01:00:00Z,166238,138122,147386,124470,28116,40229,39874,63163,54681
2026-07-06T02:00:00Z,169726,131400,150804,117172,38326,40652,40329,75531,66383
2026-07-06T03:00:00Z,166128,132967,146692,118571,33161,42832,42484,71587,62483
2026-07-06T04:00:00Z,165250,137135,146981,123992,28115,41212,40864,64130,55543
2026-07-06T05:00:00Z,168958,147830,150551,133363,21128,44419,44064,62057,53170
2026-07-06T06:00:00Z,165332,143619,144674,128798,21713,49541,49178,65050,55153
2026-07-06T07:00:00Z,161134,143882,143074,129984,17252,48008,47603,60637,51265
2026-07-06T08:00:00Z,165250,145536,145268,130142,19714,49471,49076,65433,54856
2026-07-06T09:00:00Z,162870,143222,142067,127638,19648,50406,49987,67484,56135
2026-07-06T10:00:00Z,165037,144687,145472,129153,20350,49802,49383,67106,56756
2026-07-06T11:00:00Z,167436,147363,147181,131787,20073,51519,51128,66721,56745
2026-07-06T12:00:00Z,163833,146195,145925,131920,17638,50935,50526,64411,55080
2026-07-06T13:00:00Z,161751,143799,142297,128811,17952,52765,52343,65823,56443
2026-07-06T14:00:00Z,164550,143566,145451,128220,20984,52114,51693,68804,58975
2026-07-06T15:00:00Z,164327,139205,147028,124990,25122,50542,50156,73034,63501
2026-07-06T16:00:00Z,162923,146813,146093,133611,16110,47730,47369,61252,51998
2026-07-06T17:00:00Z,163110,145748,145710,131817,17362,45888,45491,60541,51417
2026-07-06T18:00:00Z,159143,141542,141620,127434,17601,44885,44515,59217,50589
2026-07-06T19:00:00Z,159345,138647,142501,125089,20698,42890,42512,60150,52259
2026-07-06T20:00:00Z,163031,141330,145628,127751,21701,42746,42378,59859,51900
2026-07-06T21:00:00Z,167333,141667,148583,127241,25666,44007,43603,64659,56111
2026-07-06T22:00:00Z,165462,139912,146622,125449,25550,40261,39861,59669,52179
2026-07-06T23:00:00Z,168577,141995,150524,128471,26582,39166,38806,58251,51201
2026-07-07T00:00:00Z,164607,141614,145737,126691,22993,40066,39662,57593,50183
2026-07-07T01:00:00Z,172055,143660,153715,128639,28395,42526,42154,64648,57354
2026-07-07T02:00:00Z,169145,129049,151579,115238,40096,45249,44867,77902,70553
2026-07-07T03:00:00Z,168607,134538,150625,120022,34069,45921,45561,73284,65885
2026-07-07T04:00:00Z,163856,137180,145006,121644,26676,42946,42610,65447,56400
2026-07-07T05:00:00Z,166925,148301,145781,129970,18624,45730,45421,66460,55279
2026-07-07T06:00:00Z,161232,142628,138896,123769,18604,49393,49006,70215,58145
2026-07-07T07:00:00Z,161653,143312,138419,123348,18341,51631,51237,72074,59468
2026-07-07T08:00:00Z,163446,144674,143994,128097,18772,47645,47302,67957,56480
2026-07-07T09:00:00Z,164514,146482,143660,128454,18032,48859,48449,70064,57809
2026-07-07T10:00:00Z,164636,146797,143522,128679,17839,47527,47151,68050,55896
2026-07-07T11:00:00Z,163039,144748,141357,125668,18291,48504,48120,70947,58346
2026-07-07T12:00:00Z,161021,144186,139485,125289,16835,51160,50754,68748,57269
2026-07-07T13:00:00Z,159216,142057,139553,125130,17159,50551,50123,68102,57057
2026-07-07T14:00:00Z,158169,129325,138898,112758,28844,51384,50942,78711,68140
2026-07-07T15:00:00Z,160835,145051,142396,129404,15784,51717,51323,64238,54517
2026-07-07T16:00:00Z,162706,145247,145027,130722,17459,48625,48226,61271,52677
2026-07-07T17:00:00Z,163941,145090,147621,132011,18851,45899,45525,59367,51585
2026-07-07T18:00:00Z,160239,141401,143164,127672,18838,45577,45177,57715,50341
2026-07-07T19:00:00Z,162034,140377,145172,127321,21657,44482,44107,59689,52096
2026-07-07T20:00:00Z,162317,140113,145774,127711,22204,44345,43886,59263,51935
2026-07-07T21:00:00Z,160256,133951,141609,120150,26305,41085,40613,59225,51520
2026-07-07T22:00:00Z,164352,134611,145000,120247,29741,40088,39661,62026,54229
2026-07-07T23:00:00Z,163877,134284,143698,119224,29593,41529,41070,62676,55097
2026-07-08T00:00:00Z,163593,136436,142327,121199,27157,41624,41133,60315,52420
2026-07-08T01:00:00Z,163051,124117,143876,110020,38934,41726,41326,72928,65595
2026-07-08T02:00:00Z,164274,123138,145455,108960,41136,41885,41530,76373,69044
2026-07-08T03:00:00Z,164021,133202,145633,118888,30819,43340,42991,66732,59217
2026-07-08T04:00:00Z,165162,142324,145889,126766,22838,43635,43279,62668,54170
2026-07-08T05:00:00Z,160341,138784,141131,123597,21557,45166,44825,63494,54636
2026-07-08T06:00:00Z,163934,143822,143084,126551,20112,48266,47883,67456,56657
2026-07-08T07:00:00Z,165163,148267,145154,130996,16896,45540,45189,66782,55165
2026-07-08T08:00:00Z,166262,148003,146530,131065,18259,42530,42124,65951,54114
2026-07-08T09:00:00Z,165775,151241,149430,137509,14534,42092,41730,57859,47847
2026-07-08T10:00:00Z,165266,150304,149482,137135,14962,39195,38848,55826,46450
2026-07-08T11:00:00Z,168073,152652,152112,139163,15421,40113,39786,56411,47065
2026-07-08T12:00:00Z,164443,148544,149190,135954,15899,42919,42498,55875,47394
2026-07-08T13:00:00Z,163566,144273,146080,129307,19293,43875,43499,65337,54850
2026-07-08T14:00:00Z,159060,141580,142166,126899,17480,43159,42748,62623,52703
2026-07-08T15:00:00Z,167843,152123,149265,136090,15720,45263,44865,62928,52362
2026-07-08T16:00:00Z,163715,149935,142002,130541,13780,42087,41730,66701,52890
2026-07-08T17:00:00Z,163446,147169,143016,129580,16277,41281,40921,63045,51148
2026-07-08T18:00:00Z,159737,144609,139972,128156,15128,39901,39507,61554,49523
2026-07-08T19:00:00Z,164650,144695,144602,128363,19955,37995,37599,64223,52492
2026-07-08T20:00:00Z,162251,142958,139354,123771,19293,39112,38743,66211,52874
2026-07-08T21:00:00Z,165961,144908,143284,125714,21053,38916,38541,66867,54242
2026-07-08T22:00:00Z,166970,145690,143997,126005,21280,37346,37001,65281,53750
2026-07-08T23:00:00Z,165873,145208,144665,127094,20665,34699,34328,61495,50451
2026-07-09T00:00:00Z,168270,149457,146229,130634,18813,36492,36117,62780,51412
2026-07-09T01:00:00Z,168165,143859,145893,124473,24306,34981,34659,68035,55665
2026-07-09T02:00:00Z,169974,139233,155084,127283,30741,38316,38022,66171,58701
2026-07-09T03:00:00Z,166062,141933,153897,132242,24129,37674,37349,57812,51472
2026-07-09T04:00:00Z,167263,148776,154648,138637,18487,37675,37337,51820,45288
2026-07-09T05:00:00Z,167383,154670,155515,145012,12713,36189,35889,46191,39587
2026-07-09T06:00:00Z,171562,158925,151008,140830,12637,38997,38668,62456,48949
2026-07-09T07:00:00Z,167776,157009,151635,143037,10767,38156,37811,54093,43357
2026-07-09T08:00:00Z,165575,155426,151034,142550,10149,34722,34411,51707,41536
2026-07-09T09:00:00Z,168080,158755,155058,147286,9325,32796,32515,48253,38935
2026-07-09T10:00:00Z,164129,153774,150475,141941,10355,33721,33416,50171,40469
2026-07-09T11:00:00Z,164073,152735,152091,142545,11338,36414,36092,49187,41425
2026-07-09T12:00:00Z,164478,156092,148892,142035,8386,37112,36803,54137,43345
2026-07-09T13:00:00Z,165464,155708,151723,143776,9756,39508,39151,51453,42403
2026-07-09T14:00:00Z,169366,152833,154059,139160,16533,38665,38341,61410,50730
2026-07-09T15:00:00Z,161969,147071,146894,133676,14898,39799,39478,60756,50323
2026-07-09T16:00:00Z,165559,153381,153498,143670,12178,39322,38975,49573,42411
2026-07-09T17:00:00Z,169090,154118,155996,143785,14972,38544,38203,50302,43021
2026-07-09T18:00:00Z,163368,150589,152042,141272,12779,35196,34833,45219,38599
2026-07-09T19:00:00Z,162182,147681,150682,138340,14501,34480,34120,46789,40144
2026-07-09T20:00:00Z,166377,151797,154973,142854,14580,34331,33969,45628,39443
2026-07-09T21:00:00Z,157077,141920,145368,132574,15157,32394,32049,44200,38319
2026-07-09T22:00:00Z,165965,148737,153716,139145,17228,31874,31524,44869,38907
2026-07-09T23:00:00Z,166170,147511,154673,138619,18659,31342,31017,45257,39492
2026-07-10T00:00:00Z,163566,147686,151263,138194,15880,32577,32191,45273,39054
2026-07-10T01:00:00Z,165677,144490,154210,135566,21187,31593,31274,49227,43247
2026-07-10T02:00:00Z,163082,134114,149987,123924,28968,36825,36511,61485,54825
2026-07-10T03:00:00Z,164778,142136,153290,132949,22642,34032,33710,52957,46722
2026-07-10T04:00:00Z,163970,147949,152882,138846,16021,32299,31985,45163,38994
2026-07-10T05:00:00Z,161668,149298,150651,140177,12370,33984,33682,42823,36707
2026-07-10T06:00:00Z,162366,150710,151449,141870,11656,33248,32934,42617,35932
2026-07-10T07:00:00Z,164375,155534,153945,146705,8841,31427,31151,38172,31135
2026-07-10T08:00:00Z,160879,150250,151961,142792,10629,31656,31362,39718,34168
2026-07-10T09:00:00Z,162680,153714,154552,147005,8966,29961,29694,37100,31901
2026-07-10T10:00:00Z,163486,153524,155221,146832,9962,31563,31251,39376,34011
2026-07-10T11:00:00Z,162569,151625,153523,144266,10944,32858,32550,41275,35684
2026-07-10T12:00:00Z,163179,154694,155240,147975,8485,29448,29172,36246,31221
2026-07-10T13:00:00Z,162281,152136,153561,144744,10145,31241,30958,39811,34436
2026-07-10T14:00:00Z,161486,148316,153471,141538,13170,30714,30442,43058,37655
2026-07-10T15:00:00Z,168685,159936,160069,152775,8749,31972,31670,39102,33456
2026-07-10T16:00:00Z,164266,154404,155128,147114,9862,31852,31507,39915,34236
2026-07-10T17:00:00Z,167547,154472,155676,144793,13075,36218,35900,46565,39790
2026-07-10T18:00:00Z,164876,150988,153267,141529,13888,34331,33986,44763,38343
2026-07-10T19:00:00Z,165169,148386,153406,139268,16783,36001,35631,48895,42547
2026-07-10T20:00:00Z,167273,150267,155389,141104,17006,34571,34201,47317,41266
2026-07-10T21:00:00Z,164182,147127,152921,138640,17055,31843,31464,45209,39225
2026-07-10T22:00:00Z,165028,146854,154343,138764,18174,29670,29324,42596,37099
2026-07-10T23:00:00Z,168185,149844,158228,142392,18341,27191,26895,40584,35498
2026-07-11T00:00:00Z,166975,151743,154360,141769,15232,28711,28365,40603,35264
2026-07-11T01:00:00Z,170063,143570,158263,134282,26493,29481,29162,51857,46887
2026-07-11T02:00:00Z,171082,142870,161480,135359,28212,28669,28370,53040,48254
2026-07-11T03:00:00Z,171274,155209,163335,148845,16065,26351,26096,39433,35043
2026-07-11T04:00:00Z,172883,162201,165786,156342,10682,24552,24332,33239,29048
2026-07-11T05:00:00Z,171785,162121,165047,156762,9664,24289,24073,31615,27672
2026-07-11T06:00:00Z,170987,159768,163482,153641,11219,27083,26838,35645,31261
2026-07-11T07:00:00Z,171382,160275,164982,155119,11107,25144,24905,34453,30552
2026-07-11T08:00:00Z,173090,165208,167522,160464,7882,23252,23063,29474,25880
2026-07-11T09:00:00Z,168487,159370,162842,154670,9117,23298,23086,31042,27357
2026-07-11T10:00:00Z,171584,161280,165251,156197,10304,26288,26081,34743,30752
2026-07-11T11:00:00Z,174087,162427,167601,156997,11660,26340,26126,35709,31641
2026-07-11T12:00:00Z,168383,156644,161486,150740,11739,27606,27379,37772,33455
2026-07-11T13:00:00Z,169773,156249,163927,151354,13524,25883,25687,38184,34238
2026-07-11T14:00:00Z,170888,159363,163897,153487,11525,28289,28081,38224,33687
2026-07-11T15:00:00Z,171472,160430,163515,153561,11042,29894,29688,39994,35018
2026-07-11T16:00:00Z,168780,156448,160416,149451,12332,32545,32303,42706,37703
2026-07-11T17:00:00Z,173887,160902,165547,154140,12985,30763,30522,40984,36145
2026-07-11T18:00:00Z,168389,157036,161057,151035,11353,28122,27906,37312,32964
2026-07-11T19:00:00Z,167974,155485,160244,149302,12489,28443,28206,38157,33940
2026-07-11T20:00:00Z,167485,154417,159894,148098,13068,27018,26783,37059,33042
2026-07-11T21:00:00Z,173289,159234,165616,153116,14055,26312,26086,36982,33065
2026-07-11T22:00:00Z,168492,154464,161284,148735,14028,24687,24472,35499,31789
2026-07-11T23:00:00Z,170379,155303,162685,149018,15076,24813,24580,36555,32688
2026-07-12T00:00:00Z,167874,153654,158174,145986,14220,28388,28101,39220,34717
2026-07-12T01:00:00Z,171175,146257,161910,138993,24918,27618,27357,48454,44169
2026-07-12T02:00:00Z,167436,135423,156826,127393,32013,29375,29087,56873,52149
2026-07-12T03:00:00Z,169285,150474,161061,143795,18811,26086,25859,42559,38109
2026-07-12T04:00:00Z,165785,155555,158979,150028,10230,23977,23751,31883,28110
2026-07-12T05:00:00Z,169686,160867,163534,155941,8819,21856,21677,28762,25110
2026-07-12T06:00:00Z,171981,163335,165613,158313,8646,24126,23920,30560,26736
2026-07-12T07:00:00Z,169191,160199,161761,153739,8992,24518,24299,31612,27814
2026-07-12T08:00:00Z,166882,158124,161157,153358,8758,23879,23688,31179,27795
2026-07-12T09:00:00Z,171795,163957,166147,159178,7838,22925,22762,28653,25498
2026-07-12T10:00:00Z,170888,162542,164915,157464,8346,23501,23324,30221,26824
2026-07-12T11:00:00Z,171486,160238,165643,155346,11248,26476,26295,35648,31741
2026-07-12T12:00:00Z,169891,159897,164674,155498,9994,24417,24212,32928,29408
2026-07-12T13:00:00Z,164080,152325,159007,148100,11755,23497,23334,34600,30992
2026-07-12T14:00:00Z,166593,156367,160386,151181,10226,27193,26993,35850,31785
2026-07-12T15:00:00Z,167655,157441,160236,151213,10214,30007,29779,38872,34009
2026-07-12T16:00:00Z,172071,161597,165236,155898,10474,29343,29138,37777,33358
2026-07-12T17:00:00Z,166083,155237,159205,149414,10846,29305,29111,37908,33615
2026-07-12T18:00:00Z,168794,158030,155572,145852,10764,28285,28091,37027,32800
2026-07-12T19:00:00Z,162539,150993,148565,138233,11546,26230,26000,35426,31230
2026-07-12T20:00:00Z,163362,151514,152860,142299,11848,26136,25916,35183,31208
2026-07-12T21:00:00Z,167597,155829,159660,149230,11768,25885,25654,35057,31148
2026-07-12T22:00:00Z,167373,153730,160061,147911,13643,25612,25347,36566,32401
2026-07-12T23:00:00Z,172362,157441,164652,151353,14921,27228,26972,38319,34115
2026-07-13T00:00:00Z,170983,156688,160594,149711,14295,27565,27251,37973,32320
2026-07-13T01:00:00Z,168778,147711,158365,140306,21067,28261,27974,46180,40347
2026-07-13T02:00:00Z,167792,147673,159085,141365,20119,28666,28404,46337,41135
2026-07-13T03:00:00Z,168783,154557,160385,148480,14226,26589,26359,38670,33412
2026-07-13T04:00:00Z,165884,156580,158876,151635,9304,24530,24290,31683,27008
2026-07-13T05:00:00Z,166435,157013,157697,150711,9422,26908,26637,33807,28371
2026-07-13T06:00:00Z,161565,148248,149105,139550,13317,32485,32160,42314,35020
2026-07-13T07:00:00Z,164979,154436,154629,146435,10543,33499,33182,40934,34462
2026-07-13T08:00:00Z,166773,156232,157221,149020,10541,31621,31344,39876,33805
2026-07-13T09:00:00Z,168082,158000,158880,151309,10082,31036,30755,38738,32476
2026-07-13T10:00:00Z,165584,154044,155159,145945,11540,35087,34739,43990,37374
2026-07-13T11:00:00Z,166081,155090,156149,147326,10991,33872,33555,42682,36152
2026-07-13T12:00:00Z,168180,156480,157669,148929,11700,33970,33671,42373,36158
2026-07-13T13:00:00Z,166069,154966,155805,146744,11103,35670,35368,44571,37914
2026-07-13T14:00:00Z,160676,144540,150649,136447,16136,35754,35437,49993,43251
2026-07-13T15:00:00Z,163457,152499,151903,143098,10958,38862,38493,47391,39965
2026-07-13T16:00:00Z,165172,150532,151333,139463,14640,43914,43515,55015,46796
2026-07-13T17:00:00Z,161668,143536,146309,131607,18132,46107,45726,60664,51827
2026-07-13T18:00:00Z,165280,145051,148494,132071,20229,45185,44770,61305,52761
2026-07-13T19:00:00Z,163775,140835,148463,129163,22940,43794,43349,61341,53534
2026-07-13T20:00:00Z,163266,139911,146830,127681,23355,42044,41653,59144,51138
2026-07-13T21:00:00Z,166817,142573,150151,130096,24244,40316,39908,57792,50098
2026-07-13T22:00:00Z,162920,138194,147045,126029,24726,38691,38317,57119,49816
2026-07-13T23:00:00Z,168968,139120,150485,125071,29848,38936,38549,59650,52422
2026-07-14T00:00:00Z,163667,140844,147638,128254,22823,39834,39411,55100,48271
2026-07-14T01:00:00Z,168075,129849,152079,117261,38226,41261,40885,72593,65276
2026-07-14T02:00:00Z,165562,125181,149648,112869,40381,42672,42290,76663,68733
2026-07-14T03:00:00Z,166656,141022,148932,127198,25634,44005,43626,62757,53577
2026-07-14T04:00:00Z,166566,144865,148085,130518,21701,42619,42249,58457,49539
2026-07-14T05:00:00Z,165155,142221,147731,129312,22934,42340,41957,58194,49359
2026-07-14T06:00:00Z,167867,144572,147446,128224,23295,49882,49487,65949,55436
2026-07-14T07:00:00Z,159855,135024,140590,119484,24831,51824,51398,69767,59676
2026-07-14T08:00:00Z,165160,142071,144037,124563,23089,54458,53978,70773,59579
2026-07-14T09:00:00Z,163056,137696,141901,120386,25360,56730,56248,74894,63630
2026-07-14T10:00:00Z,162344,137295,138858,118177,25049,57239,56748,75003,62157
2026-07-14T11:00:00Z,161963,137019,141261,119535,24944,54606,54165,73259,61450
2026-07-14T12:00:00Z,165163,143613,147159,128199,21550,53675,53223,70111,60698
2026-07-14T13:00:00Z,157965,128304,140580,113655,29661,50669,50256,76863,66578
2026-07-14T14:00:00Z,162868,141727,142668,124681,21141,57487,57014,73608,62596
2026-07-14T15:00:00Z,165061,143133,145863,127166,21928,56279,55803,72714,62265
2026-07-14T16:00:00Z,165758,144489,146966,129117,21269,53174,52722,69140,58553
2026-07-14T17:00:00Z,159653,134031,140104,118347,25622,54215,53767,72572,62823
2026-07-14T18:00:00Z,163736,140021,143872,123922,23715,53456,52958,70297,61097
2026-07-14T19:00:00Z,165335,135885,144535,119317,29450,50094,49562,71852,62934
2026-07-14T20:00:00Z,163102,132810,142106,116125,30292,49134,48625,69863,61608
2026-07-14T21:00:00Z,165686,131210,143439,114613,34476,47631,47107,70544,62011
2026-07-14T22:00:00Z,163704,128840,141994,112545,34864,45328,44818,68657,60467
2026-07-14T23:00:00Z,167247,130741,146180,114893,36506,44405,43949,69162,61413
2026-07-15T00:00:00Z,159610,129128,137399,112984,30482,44639,44121,64192,55673
2026-07-15T01:00:00Z,162631,115781,144552,102419,46850,43373,42966,81853,74043
2026-07-15T02:00:00Z,163578,112205,142354,96325,51373,47864,47435,90484,81553
2026-07-15T03:00:00Z,162479,130374,141600,114472,32105,49392,48985,71376,62876
2026-07-15T04:00:00Z,164445,144884,150009,133714,19561,37870,37555,51818,44807
2026-07-15T05:00:00Z,167966,153482,156126,143759,14484,35103,34794,46664,40351
2026-07-15T06:00:00Z,163278,148779,151645,139223,14499,37704,37384,48503,41949
2026-07-15T07:00:00Z,165970,149996,152340,138493,15974,40041,39710,53061,45925
2026-07-15T08:00:00Z,167783,153100,154520,141973,14683,42339,41985,53691,46443
2026-07-15T09:00:00Z,167127,149251,150225,135186,17876,45354,44936,59445,50880
2026-07-15T10:00:00Z,166331,144151,147500,128690,22180,51848,51393,68118,58966
2026-07-15T11:00:00Z,167756,147766,153188,135737,19990,45943,45544,61129,53211
2026-07-15T12:00:00Z,169372,154193,155445,142302,15179,43358,42990,55157,47770
2026-07-15T13:00:00Z,157865,128254,142779,115737,29611,46677,46284,73014,64870
2026-07-15T14:00:00Z,160644,142098,142707,127306,18546,52908,52462,66571,57322
2026-07-15T15:00:00Z,165161,145407,147065,130493,19754,53092,52629,67918,57980
2026-07-15T16:00:00Z,162159,143687,145608,129970,18472,48133,47726,62691,53599
2026-07-15T17:00:00Z,162672,143663,148485,132158,19009,43074,42689,58202,50594
2026-07-15T18:00:00Z,165376,144763,150039,132252,20613,44820,44388,61060,53394
2026-07-15T19:00:00Z,163751,139754,147278,126444,23997,43768,43323,61496,53731
2026-07-15T20:00:00Z,166577,138733,148002,123858,27844,46010,45553,65425,57204
2026-07-15T21:00:00Z,166447,136216,147521,121400,30231,46621,46136,67444,59834
2026-07-15T22:00:00Z,166423,131758,145041,116825,34665,45925,45467,70329,61166
2026-07-15T23:00:00Z,163258,128733,139824,111116,34525,44831,44340,68490,59121
2026-07-16T00:00:00Z,168598,136344,140322,115427,32254,47315,46787,68626,56904
2026-07-16T01:00:00Z,161534,118789,141251,103069,42745,45073,44665,79070,69506
2026-07-16T02:00:00Z,164938,117223,146213,102581,47715,43879,43463,82832,73922
2026-07-16T03:00:00Z,169325,140044,151600,125640,29281,44361,43942,66623,57511
2026-07-16T04:00:00Z,167027,146306,151553,134434,20721,39637,39287,55028,46118
2026-07-16T05:00:00Z,169757,154267,156010,143681,15490,36019,35678,47474,39292
2026-07-16T06:00:00Z,164183,150845,152671,141953,13338,34843,34498,44711,37589
2026-07-16T07:00:00Z,163968,151571,153555,143014,12397,33824,33499,43811,37011
2026-07-16T08:00:00Z,170262,157633,158948,148408,12629,35665,35348,45874,38706
2026-07-16T09:00:00Z,164284,153278,153654,144489,11006,33964,33655,42479,35486
2026-07-16T10:00:00Z,164982,152177,154102,143440,12805,36599,36261,46673,39765
2026-07-16T11:00:00Z,168076,154957,156818,145492,13119,37521,37173,47967,40479
2026-07-16T12:00:00Z,166562,154819,155638,145713,11743,36507,36177,45531,38610
2026-07-16T13:00:00Z,162586,145452,152488,136983,17134,35805,35496,51054,44318
2026-07-16T14:00:00Z,156962,144107,146604,135516,12855,35817,35496,45994,39023
2026-07-16T15:00:00Z,163532,149607,151431,139595,13925,39467,39087,50479,42842
2026-07-16T16:00:00Z,166568,152015,154054,141540,14553,40971,40608,52412,44604
2026-07-16T17:00:00Z,162854,146697,150861,136880,16157,37956,37596,50434,43155
2026-07-16T18:00:00Z,161388,146052,149076,135852,15336,38218,37883,50203,42629
2026-07-16T19:00:00Z,161555,140519,147777,129646,21036,39511,39113,55732,48181
2026-07-16T20:00:00Z,168141,144081,149703,130305,24060,43676,43239,61063,51505
2026-07-16T21:00:00Z,158260,133568,140376,119262,24692,45458,45030,63013,54089
2026-07-16T22:00:00Z,47473,38992,41935,34704,8481,16238,15999,22903,19776
2026-07-16T23:00:00Z,48472,36417,39854,29819,12055,18311,18088,27563,22999
2026-07-17T00:00:00Z,160649,126158,130055,104275,34491,47696,47069,69226,58059
2026-07-17T01:00:00Z,163401,117041,139580,98942,46360,47260,46764,83033,72609
2026-07-17T02:00:00Z,166732,123864,148246,109154,42868,42926,42503,79354,69802
2026-07-17T03:00:00Z,167177,139269,150017,125342,27908,42393,42011,63866,55060
2026-07-17T04:00:00Z,164629,138616,147060,124468,26013,42683,42295,60744,51852
2026-07-17T05:00:00Z,164857,146595,150137,134819,18262,40287,39920,52906,44719
2026-07-17T06:00:00Z,161131,149070,151641,141422,12061,32041,31731,40898,34952
2026-07-17T07:00:00Z,169481,156863,158923,147936,12618,33497,33199,43784,36967
2026-07-17T08:00:00Z,165875,153134,155795,145089,12741,34593,34283,44469,38133
2026-07-17T09:00:00Z,165981,153979,156216,146175,12002,33062,32745,42331,35919
2026-07-17T10:00:00Z,165071,151920,155094,144005,13151,34092,33741,44380,37930
2026-07-17T11:00:00Z,165135,149937,154156,141036,15198,36918,36581,48552,41692
2026-07-17T12:00:00Z,168080,154373,157844,146037,13707,36159,35832,46989,40939
2026-07-17T13:00:00Z,165180,146190,155408,138105,18990,35264,34932,52055,45946
2026-07-17T14:00:00Z,164259,149677,152894,140279,14582,40481,40108,52132,45236
2026-07-17T15:00:00Z,160356,145163,148253,135186,15193,40881,40524,52475,45464
2026-07-17T16:00:00Z,162971,146949,151505,137568,16022,39878,39539,52443,45704
2026-07-17T17:00:00Z,162770,143638,149601,133185,19132,42910,42526,56747,49807
2026-07-17T18:00:00Z,164563,144956,151056,134374,19607,41432,41022,56762,49662
2026-07-17T19:00:00Z,162861,141730,148977,130670,21131,40334,39952,56452,49710
2026-07-17T20:00:00Z,166060,143566,151555,132099,22494,41024,40631,57932,51216
2026-07-17T21:00:00Z,165960,141789,151543,130691,24171,37501,37086,55340,48894
2026-07-17T22:00:00Z,164876,137622,150314,126576,27254,37103,36680,56453,50171
2026-07-17T23:00:00Z,167169,138496,152765,127598,28673,37755,37379,57760,52064
2026-07-18T00:00:00Z,165996,140756,148884,128084,25240,36598,36149,53221,47014
2026-07-18T01:00:00Z,165517,122789,150253,111899,42728,35943,35557,71031,64977
2026-07-18T02:00:00Z,165146,128745,153226,119732,36401,32164,31830,63369,57993
2026-07-18T03:00:00Z,164564,146121,154893,138284,18443,28562,28279,42438,37620
2026-07-18T04:00:00Z,170574,156436,161579,149519,14138,28668,28388,38917,34321
2026-07-18T05:00:00Z,169478,156973,161668,150804,12505,27025,26772,36484,32086
2026-07-18T06:00:00Z,171477,157646,163231,151284,13831,28506,28251,38936,34340
2026-07-18T07:00:00Z,168682,159617,162945,154830,9065,23960,23755,31752,28004
2026-07-18T08:00:00Z,173291,164471,167512,159716,8820,24048,23850,31389,27660
2026-07-18T09:00:00Z,170179,160227,163103,154488,9952,25168,24934,33416,29355
2026-07-18T10:00:00Z,169080,156996,161632,150896,12084,28707,28491,38814,34178
2026-07-18T11:00:00Z,170069,155840,161390,148481,14229,31578,31359,43411,38374
2026-07-18T12:00:00Z,170983,156792,163775,150870,14191,29051,28840,41137,36663
2026-07-18T13:00:00Z,169475,151103,160805,143906,18372,32525,32278,48569,43362
2026-07-18T14:00:00Z,166768,151331,157495,143483,15437,33206,32955,46258,40745
2026-07-18T15:00:00Z,166680,151819,156157,142884,14861,35869,35605,48052,42159
2026-07-18T16:00:00Z,166384,149361,155208,140321,17023,38027,37747,51526,45454
2026-07-18T17:00:00Z,162282,143039,150543,133592,19243,37953,37656,52588,46309
2026-07-18T18:00:00Z,167943,146397,153961,134865,21546,42039,41721,58508,52075
2026-07-18T19:00:00Z,169661,145288,155580,133799,24373,42456,42116,60814,54433
2026-07-18T20:00:00Z,164449,137227,147908,123454,27222,39748,39404,60072,53705
2026-07-18T21:00:00Z,169449,140364,153535,127667,29085,40355,40021,61299,55132
2026-07-18T22:00:00Z,168838,137032,152392,123834,31806,40504,40161,62893,56888
2026-07-18T23:00:00Z,163986,132740,147183,119551,31246,39055,38695,60144,54171
2026-07-19T00:00:00Z,162678,134142,138599,116950,28536,40165,39639,57445,49779
2026-07-19T01:00:00Z,166905,125517,150201,113039,41388,37122,36713,69940,63732
2026-07-19T02:00:00Z,168435,136816,157235,128470,31619,28119,27815,55637,50479
2026-07-19T03:00:00Z,171476,153731,162998,146766,17745,25640,25385,40148,36009
2026-07-19T04:00:00Z,169162,155872,160768,149162,13290,26355,26100,35917,31671
2026-07-19T05:00:00Z,165474,152962,157737,147077,12512,26053,25806,35465,31241
2026-07-19T06:00:00Z,172278,162360,165963,157481,9918,24353,24111,31858,28002
2026-07-19T07:00:00Z,170247,161660,164743,157157,8587,22477,22269,29552,25943
2026-07-19T08:00:00Z,172483,162867,166695,158048,9616,23180,22971,31265,27650
2026-07-19T09:00:00Z,170777,159860,163870,154210,10917,26322,26103,34940,30766
2026-07-19T10:00:00Z,172785,160940,165207,154570,11845,27772,27545,37444,32824
2026-07-19T11:00:00Z,169590,155202,161911,148839,14388,29061,28844,40495,35822
2026-07-19T12:00:00Z,167845,154850,160925,149044,12995,27868,27645,39167,34776
2026-07-19T13:00:00Z,170774,150288,161329,142394,20486,33695,33446,51599,46040
2026-07-19T14:00:00Z,165866,149211,155714,140732,16655,35944,35693,49738,43872
2026-07-19T15:00:00Z,169568,153761,159292,145360,15807,35590,35312,48409,42388
2026-07-19T16:00:00Z,166369,149841,154975,140382,16528,37556,37273,50863,44685
2026-07-19T17:00:00Z,165876,150276,156560,142678,15600,33276,33022,45968,40463
2026-07-19T18:00:00Z,165330,151132,156216,143282,14198,33158,32956,45164,39522
2026-07-19T19:00:00Z,166040,147808,156229,140296,18232,29393,29090,43747,38669
2026-07-19T20:00:00Z,166956,147487,156906,139488,19469,29867,29535,44863,39965
2026-07-19T21:00:00Z,168565,148490,157768,140018,20075,27609,27299,42710,37962
2026-07-19T22:00:00Z,169852,147085,158553,138451,22767,28231,27940,45025,40206
2026-07-19T23:00:00Z,174371,152194,162913,143081,22177,30548,30253,46740,41764
2026-07-20T00:00:00Z,171499,157217,157805,146222,14282,31767,31563,43369,37729
2026-07-20T01:00:00Z,168169,148806,156423,139811,19363,32773,32546,48970,43149
2026-07-20T02:00:00Z,168452,144588,157212,136973,23864,28748,28472,49368,43269
2026-07-20T03:00:00Z,172477,148014,162936,142499,24463,24310,23992,45866,39874
2026-07-20T04:00:00Z,167891,154551,158900,148955,13340,24606,24314,34721,29127
2026-07-20T05:00:00Z,168873,157822,159652,151431,11051,26899,26619,35419,29967
2026-07-20T06:00:00Z,167080,156978,158954,151609,10102,25213,24943,33426,28068
2026-07-20T07:00:00Z,163688,155957,156990,151172,7731,24273,24024,30385,25603
2026-07-20T08:00:00Z,170481,161874,163506,156910,8607,25446,25185,32649,27751
2026-07-20T09:00:00Z,161384,153272,154276,148438,8112,25342,25085,32188,27108
2026-07-20T10:00:00Z,168385,158741,159999,152410,9644,30012,29700,37878,32244
2026-07-20T11:00:00Z,161577,152540,154162,146993,9037,28180,27900,35356,30331
2026-07-20T12:00:00Z,162180,153232,154838,147880,8948,27442,27167,34288,29344
2026-07-20T13:00:00Z,159480,147423,151309,141189,12057,29523,29227,39973,34327
2026-07-20T14:00:00Z,161288,148358,151810,140823,12930,34026,33688,44997,38806
2026-07-20T15:00:00Z,155482,143816,145226,135829,11666,34802,34388,44244,37830
2026-07-20T16:00:00Z,157978,146052,148020,138405,11926,34678,34294,44163,37804
2026-07-20T17:00:00Z,165572,151619,152496,141774,13953,38397,38004,49005,41438
2026-07-20T18:00:00Z,163172,146530,150127,137253,16642,37700,37292,50066,42239
2026-07-20T19:00:00Z,169973,148281,155724,138228,21692,38655,38238,55592,47744
2026-07-20T20:00:00Z,163966,143183,149745,133235,20783,37179,36764,52170,44668
2026-07-20T21:00:00Z,168865,145173,153049,134364,23692,34695,34281,52189,44703
2026-07-20T22:00:00Z,164273,140034,150276,130857,24239,32464,32074,49505,42726
2026-07-20T23:00:00Z,166760,140872,152818,131698,25888,32931,32527,51241,44577
2026-07-21T00:00:00Z,166867,145535,152921,135947,21332,33778,33340,48400,41806
2026-07-21T01:00:00Z,167375,136588,153963,127017,30787,33309,32931,58120,51396
2026-07-21T02:00:00Z,166282,136254,154638,127954,30028,32858,32519,58512,52212
2026-07-21T03:00:00Z,160882,146714,153409,141205,14168,24589,24324,36678,32040
2026-07-21T04:00:00Z,164186,154091,156587,148469,10095,24242,23995,32933,28113
2026-07-21T05:00:00Z,169288,160556,162111,155170,8732,23655,23431,31692,26950
2026-07-21T06:00:00Z,167086,159681,160798,154840,7405,24103,23836,30276,25877
2026-07-21T07:00:00Z,166377,158682,159840,153765,7695,24816,24567,31359,26691
2026-07-21T08:00:00Z,168190,159193,161299,153964,8997,25770,25534,34087,29118
2026-07-21T09:00:00Z,160388,153722,154101,148789,6666,25212,24955,31190,26642
2026-07-21T10:00:00Z,164973,155372,157169,149581,9601,28851,28562,36709,31429
2026-07-21T11:00:00Z,165986,157106,159064,151854,8880,27441,27183,34787,29966
2026-07-21T12:00:00Z,167128,160447,161477,156037,6681,24775,24512,30421,26320
2026-07-21T13:00:00Z,162234,150864,155865,145749,11370,27745,27487,37925,33361
2026-07-21T14:00:00Z,161070,151668,153244,145350,9402,30708,30399,38330,32933
2026-07-21T15:00:00Z,166086,155883,157126,148630,10203,33930,33604,42324,36422
2026-07-21T16:00:00Z,162067,149921,151887,141800,12146,35257,34904,45906,39086
2026-07-21T17:00:00Z,166383,153016,156507,145384,13367,33896,33542,44544,38197
2026-07-21T18:00:00Z,165175,151711,154279,143510,13464,35518,35175,45619,39032
2026-07-21T19:00:00Z,164487,146998,152983,138202,17489,35586,35206,49141,42761
2026-07-21T20:00:00Z,163480,146236,150462,136370,17244,36073,35681,48374,41717
2026-07-21T21:00:00Z,167080,146166,153768,136364,20914,35537,35137,50894,44053
2026-07-21T22:00:00Z,165768,142616,151828,132363,23152,35029,34607,51692,45050
2026-07-21T23:00:00Z,160085,135345,146408,125272,24740,34379,34004,51923,45714
2026-07-22T00:00:00Z,149589,130014,135189,119598,19575,34413,34021,48347,41770
2026-07-22T01:00:00Z,160180,129700,146305,119288,30480,35814,35451,60858,54361
2026-07-22T02:00:00Z,167391,143672,157549,136711,23719,29658,29385,50430,44730
2026-07-22T03:00:00Z,167688,157563,161487,152832,10125,21773,21522,30240,26387
2026-07-22T04:00:00Z,166458,159145,160107,154202,7313,21905,21668,27858,23960
2026-07-22T05:00:00Z,165891,158892,159887,154370,6999,21811,21586,27427,23563
2026-07-22T06:00:00Z,165671,158979,159752,154428,6692,23641,23396,28967,24860
2026-07-22T07:00:00Z,166082,160026,160722,155774,6056,23514,23265,28294,24472
2026-07-22T08:00:00Z,166982,159695,161523,155407,7287,24305,24064,30279,26259
2026-07-22T09:00:00Z,167366,160108,160390,154658,7258,26288,26015,31802,27161
2026-07-22T10:00:00Z,165083,155413,156918,148916,9670,30117,29803,37392,32036
2026-07-22T11:00:00Z,164187,154643,155051,146920,9544,29511,29213,39039,33105
2026-07-22T12:00:00Z,173986,166091,166950,160310,7895,28334,28080,34814,30129
2026-07-22T13:00:00Z,165788,155339,159599,150256,10449,26918,26680,36132,31797
2026-07-22T14:00:00Z,165773,156157,158180,149957,9616,31012,30703,38942,33671
2026-07-22T15:00:00Z,162867,152867,153552,145245,10000,33775,33442,41476,35318
2026-07-22T16:00:00Z,155680,141763,143401,131907,13917,40166,39775,50628,43066
2026-07-22T17:00:00Z,160219,142322,145693,130707,17897,41359,40935,54558,46369
2026-07-22T18:00:00Z,160369,142209,146252,130878,18160,43411,43025,56608,48928
2026-07-22T19:00:00Z,164671,140809,148307,127703,23862,45221,44767,62724,54825
2026-07-22T20:00:00Z,157356,135423,140564,122031,21933,42407,41959,57312,49862
2026-07-22T21:00:00Z,163760,140551,147513,127838,23209,38610,38139,55035,47845
2026-07-22T22:00:00Z,157856,133639,142711,121985,24217,36354,35948,53116,46524
2026-07-22T23:00:00Z,166656,140467,151436,129268,26189,34811,34397,52419,45840
2026-07-23T00:00:00Z,165757,141456,147818,128522,24301,37920,37461,53578,46586
2026-07-23T01:00:00Z,164032,128987,144966,113764,35045,39911,39518,67503,60398
2026-07-23T02:00:00Z,164954,124349,149017,112152,40605,40419,40019,74811,67613
2026-07-23T03:00:00Z,162682,145299,150533,136231,17383,28940,28580,42708,36531
2026-07-23T04:00:00Z,170275,160699,162604,154431,9576,24904,24637,32472,28138
2026-07-23T05:00:00Z,167790,158447,160211,152407,9343,24561,24304,32358,27632
2026-07-23T06:00:00Z,165766,157255,158020,151186,8511,27793,27507,34393,29262
2026-07-23T07:00:00Z,166654,158916,160055,153470,7738,26428,26167,32476,27938
2026-07-23T08:00:00Z,149345,142500,144284,138387,6845,23268,23035,29335,25592
2026-07-23T09:00:00Z,142025,136496,136841,132299,5529,23779,23537,28272,24364
2026-07-23T10:00:00Z,140464,133340,134563,128739,7124,24147,23878,29868,25658
2026-07-23T11:00:00Z,160178,151456,153398,145999,8722,27177,26916,34164,29538
2026-07-23T12:00:00Z,160284,151887,153147,146078,8397,29285,28994,36004,31054
2026-07-23T13:00:00Z,161379,147780,153054,141024,13599,32388,32104,44117,38527
2026-07-23T14:00:00Z,158182,146092,146850,136551,12090,34060,33748,43800,37882
2026-07-23T15:00:00Z,160509,149564,149956,141062,10945,34485,34135,43243,36849
2026-07-23T16:00:00Z,162875,151352,152311,142667,11523,35732,35363,45065,38693
2026-07-23T17:00:00Z,165565,150107,154304,141277,15458,37346,36937,49321,42505
2026-07-23T18:00:00Z,164478,149502,152658,140290,14976,36824,36440,48011,41308
2026-07-23T19:00:00Z,162654,145275,150527,135721,17379,35666,35272,49140,42736
2026-07-23T20:00:00Z,165170,147068,151692,136569,18102,37018,36595,50050,43256
2026-07-23T21:00:00Z,168556,148700,155506,138772,19856,35284,34867,49721,43167
2026-07-23T22:00:00Z,166050,142971,152352,133131,23079,33130,32744,49786,43238
2026-07-23T23:00:00Z,166049,142227,152088,132477,23822,32317,31941,48667,42351
2026-07-24T00:00:00Z,173520,148601,156666,136925,24919,35554,35129,52028,44761
2026-07-24T01:00:00Z,166469,133081,151461,122547,33388,35238,34840,61163,54217
2026-07-24T02:00:00Z,166746,137955,154655,129263,28791,31153,30807,55640,49301
2026-07-24T03:00:00Z,167592,153124,158863,146644,14468,25879,25606,37139,32228
2026-07-24T04:00:00Z,167393,156285,159639,150699,11108,25312,25067,33809,29098
2026-07-24T05:00:00Z,167368,157210,159719,151497,10158,25437,25188,32958,28333
2026-07-24T06:00:00Z,168558,158366,160364,152349,10192,27424,27134,34845,29592
2026-07-24T07:00:00Z,168870,160141,162010,154770,8729,26890,26628,33402,28663
2026-07-24T08:00:00Z,169075,160370,162391,155177,8705,26009,25738,33480,28768
2026-07-24T09:00:00Z,168188,160945,162056,156167,7243,25895,25644,31545,27249
2026-07-24T10:00:00Z,170981,161779,164299,156587,9202,28012,27697,35331,30675
2026-07-24T11:00:00Z,168160,158278,160693,152579,9882,28942,28657,36654,31563
2026-07-24T12:00:00Z,170861,162206,163906,156777,8655,27740,27468,34950,30023
2026-07-24T13:00:00Z,166785,153832,159977,148334,12953,27721,27429,39540,34965
2026-07-24T14:00:00Z,164276,154164,156640,148035,10112,30751,30448,38766,33588
2026-07-24T15:00:00Z,165904,154560,157207,147599,11344,33134,32802,42301,36657
2026-07-24T16:00:00Z,150866,141032,141431,133531,9834,34300,33990,42354,36263
2026-07-24T17:00:00Z,139191,126793,130092,119634,12398,32709,32395,42322,36635
2026-07-24T18:00:00Z,166479,150893,155374,142228,15586,36783,36403,48200,41854
2026-07-24T19:00:00Z,168343,145122,155115,134964,23221,37165,36785,53257,46681
2026-07-24T20:00:00Z,170656,147107,156093,135907,23549,37454,37040,53846,47264
2026-07-24T21:00:00Z,165259,142163,151010,131475,23096,36681,36278,52877,46349
2026-07-24T22:00:00Z,166160,141836,152775,131972,24324,34659,34268,51246,45225
2026-07-24T23:00:00Z,166257,141497,153467,132135,24760,33083,32688,49739,43976
2026-07-25T00:00:00Z,163046,140478,149677,131317,22568,32494,32073,47505,41301
2026-07-25T01:00:00Z,166959,134037,154155,125245,32922,29754,29336,55093,49409
2026-07-25T02:00:00Z,167963,138027,157598,130789,29936,28329,27974,53546,48409
2026-07-25T03:00:00Z,169265,157598,162858,152903,11667,21322,21041,30840,26970
2026-07-25T04:00:00Z,173172,164956,168013,161130,8216,20065,19835,26627,23402
2026-07-25T05:00:00Z,171167,163663,165978,159848,7504,21500,21284,27349,23857
2026-07-25T06:00:00Z,167565,160237,161806,155705,7328,21658,21446,28803,24687
2026-07-25T07:00:00Z,170842,163437,165888,159656,7405,20381,20191,26686,23138
2026-07-25T08:00:00Z,169278,162515,164733,159022,6763,21260,21074,26742,23578
2026-07-25T09:00:00Z,165486,158231,161320,155148,7255,19742,19558,25762,22833
2026-07-25T10:00:00Z,172991,165054,167959,161256,7937,22739,22564,29189,25668
2026-07-25T11:00:00Z,173678,164061,168474,160114,9617,23948,23747,32115,28413
2026-07-25T12:00:00Z,171990,164179,166923,160237,7811,23524,23373,30249,26698
2026-07-25T13:00:00Z,168684,156297,163233,152016,12387,23386,23208,34904,31033
2026-07-25T14:00:00Z,170678,162101,164841,157391,8577,26125,25925,33526,29443
2026-07-25T15:00:00Z,167279,157977,160844,152709,9302,28052,27819,36008,31654
2026-07-25T16:00:00Z,168133,157479,160241,151149,10654,29895,29644,38891,33815
2026-07-25T17:00:00Z,167372,153630,158362,146380,13742,34175,33908,44935,39714
2026-07-25T18:00:00Z,172286,158422,162991,150890,13864,33847,33580,45585,40106
2026-07-25T19:00:00Z,166865,150128,156500,142047,16737,32446,32168,45680,40076
2026-07-25T20:00:00Z,168666,150165,157439,141776,18501,33007,32736,47106,41118
2026-07-25T21:00:00Z,174170,154374,162559,146070,19796,31910,31585,46673,40787
2026-07-25T22:00:00Z,172972,153178,162447,145273,19794,30281,29974,46060,40907
2026-07-25T23:00:00Z,163370,144781,153545,137187,18589,28996,28697,42495,37979
2026-07-26T00:00:00Z,166876,149730,156627,142197,17146,28849,28503,40633,35878
2026-07-26T01:00:00Z,170155,143418,160024,135941,26737,28586,28291,50114,45402
2026-07-26T02:00:00Z,167561,143089,158639,136637,24472,26538,26220,47507,43041
2026-07-26T03:00:00Z,169066,152657,161597,146752,16409,25236,25007,39175,35187
2026-07-26T04:00:00Z,168057,160002,162323,155672,8055,20798,20568,27164,23600
2026-07-26T05:00:00Z,172413,164298,166722,159964,8115,22122,21898,28712,25155
2026-07-26T06:00:00Z,172680,164299,166668,159610,8381,23873,23650,30505,26728
2026-07-26T07:00:00Z,172581,167035,168237,163517,5546,20721,20530,25452,22501
2026-07-26T08:00:00Z,170129,163754,165962,160491,6375,21169,20998,26790,23854
2026-07-26T09:00:00Z,172385,166369,168266,163134,6016,21514,21351,26717,23689
2026-07-26T10:00:00Z,169587,162541,164662,158534,7046,23429,23232,29649,26230
2026-07-26T11:00:00Z,169283,161911,164428,157899,7372,24043,23874,30166,26897
2026-07-26T12:00:00Z,171982,164544,167381,160769,7438,21894,21734,28791,25405
2026-07-26T13:00:00Z,170575,159380,165413,155123,11195,24143,23979,34492,30874
2026-07-26T14:00:00Z,167173,158773,160803,153395,8400,27192,27018,34764,30649
2026-07-26T15:00:00Z,173580,163771,166399,157866,9809,30602,30385,39218,34384
2026-07-26T16:00:00Z,168903,157532,160486,151042,11371,31766,31552,41964,36274
2026-07-26T17:00:00Z,164972,151147,155055,143248,13825,35962,35693,47668,41468
2026-07-26T18:00:00Z,168973,156296,159645,148703,12677,32506,32244,44385,38542
2026-07-26T19:00:00Z,165673,151623,155789,143488,14050,32388,32107,45334,39646
2026-07-26T20:00:00Z,163495,148361,152718,139463,15134,31766,31481,45108,39476
2026-07-26T21:00:00Z,168765,152827,157879,144162,15938,31069,30776,45242,39326
2026-07-26T22:00:00Z,169278,152640,158449,144151,16638,29497,29170,44479,38690
2026-07-26T23:00:00Z,170072,153102,159570,145015,16970,29836,29542,44564,38887
2026-07-27T00:00:00Z,174872,155206,159147,145024,19666,30844,30476,46819,38729
2026-07-27T01:00:00Z,169468,144601,154186,134109,24867,32465,32155,54460,46611
2026-07-27T02:00:00Z,171767,147869,159938,139758,23898,30052,29767,52555,45710
2026-07-27T03:00:00Z,171185,157087,163532,151910,14098,24316,24087,37228,32313
2026-07-27T04:00:00Z,167845,159340,161051,154932,8505,22775,22524,29910,25426
2026-07-27T05:00:00Z,172476,165094,165808,160457,7382,23984,23740,29857,25485
2026-07-27T06:00:00Z,166058,158460,159073,153798,7598,25006,24772,31185,26340
2026-07-27T07:00:00Z,166086,160307,160146,155967,5779,24818,24552,29432,25055
2026-07-27T08:00:00Z,168565,162286,162639,157965,6279,25278,25037,30699,26360
2026-07-27T09:00:00Z,165410,158640,158947,154029,6770,24823,24579,30805,26128
2026-07-27T10:00:00Z,165073,158626,159011,154094,6447,25438,25191,31178,26748
2026-07-27T11:00:00Z,163791,156787,157606,152123,7004,26801,26545,32641,28342
2026-07-27T12:00:00Z,162731,155171,155689,149789,7560,27878,27633,34537,29502
2026-07-27T13:00:00Z,166078,158963,159164,153753,7115,27053,26791,32917,28036
2026-07-27T14:00:00Z,161074,148977,154155,143596,12097,28144,27849,38994,34076
2026-07-27T15:00:00Z,157849,148668,146823,139760,9181,32380,32045,40156,33665
2026-07-27T16:00:00Z,170014,159590,159708,151332,10424,32853,32529,41633,35363
2026-07-27T17:00:00Z,165464,151893,153746,142833,13571,35697,35330,46783,39856
2026-07-27T18:00:00Z,163067,149533,151709,140820,13534,35893,35529,46504,39857
2026-07-27T19:00:00Z,162876,144707,150063,134958,18169,37091,36675,52437,45266
2026-07-27T20:00:00Z,168233,150575,153507,139320,17658,37949,37539,51953,44413
2026-07-27T21:00:00Z,167163,146602,153088,136643,20561,35424,35010,50869,43896
2026-07-27T22:00:00Z,166669,143999,152634,134141,22670,34727,34332,51313,44617
2026-07-27T23:00:00Z,166467,142422,152081,132029,24045,34507,34096,51422,45088
2026-07-28T00:00:00Z,164847,144838,150260,134109,20009,34485,34020,49086,42463
2026-07-28T01:00:00Z,170265,138261,156288,127992,32004,35066,34670,61252,54457
2026-07-28T02:00:00Z,165166,141971,155713,135041,23195,27934,27627,48100,42571
2026-07-28T03:00:00Z,165369,153628,155127,146486,11741,24940,24639,34170,27955
2026-07-28T04:00:00Z,171051,162898,164274,157893,8153,22501,22244,29246,24743
2026-07-28T05:00:00Z,163984,157277,158358,153040,6707,22077,21861,27767,23889
2026-07-28T06:00:00Z,171372,164461,164826,159348,6911,24997,24773,31487,26808
2026-07-28T07:00:00Z,166886,159958,160894,155244,6928,25395,25131,31101,26962
2026-07-28T08:00:00Z,166079,157809,159620,152727,8270,27131,26853,34188,29653
2026-07-28T09:00:00Z,163671,156657,156730,151230,7014,27084,26827,32942,28021
2026-07-28T10:00:00Z,162876,153286,154884,146940,9590,29865,29591,37726,32371
2026-07-28T11:00:00Z,166339,157944,159224,152505,8395,28842,28552,35834,30948
2026-07-28T12:00:00Z,164385,157967,158747,153469,6418,25702,25452,31034,26918
2026-07-28T13:00:00Z,158510,150099,152620,145260,8411,27835,27600,35298,30945
2026-07-28T14:00:00Z,152316,144592,146020,139371,7724,27458,27211,34613,30277
2026-07-28T15:00:00Z,150277,143542,144061,138501,6735,28661,28410,34472,30029
2026-07-28T16:00:00Z,149547,142004,141856,135515,7543,29859,29594,36981,31914
2026-07-28T17:00:00Z,158843,147607,148965,139500,11236,36124,35791,46315,39955
2026-07-28T18:00:00Z,160572,150495,150890,142615,10077,33134,32815,41822,35943
2026-07-28T19:00:00Z,163173,148968,152698,140637,14205,34344,33973,46144,40303
2026-07-28T20:00:00Z,169275,154877,158442,146357,14398,35608,35219,47569,41515
2026-07-28T21:00:00Z,164480,149454,154368,141438,15026,33226,32862,46207,40498
2026-07-28T22:00:00Z,167070,150621,157092,142974,16449,31284,30906,45601,40243
2026-07-28T23:00:00Z,164862,147849,154738,139848,17013,29881,29562,43983,38840
2026-07-29T00:00:00Z,163157,147174,151698,138434,15983,31414,31051,44534,38643
2026-07-29T01:00:00Z,167840,140706,156912,132433,27134,32529,32152,56095,50344
2026-07-29T02:00:00Z,166278,143633,157065,136396,22645,29670,29369,50741,45544
2026-07-29T03:00:00Z,165882,154861,159426,149763,11021,23862,23618,34410,30430
2026-07-29T04:00:00Z,169770,163266,164755,159358,6504,21730,21508,28326,24813
2026-07-29T05:00:00Z,168364,161920,162489,157364,6444,22519,22303,28997,25054
2026-07-29T06:00:00Z,167979,161931,162582,157720,6048,23709,23508,29762,25858
2026-07-29T07:00:00Z,166784,161086,161611,156825,5698,24333,24111,30231,26453
2026-07-29T08:00:00Z,168003,161651,162674,157318,6352,25488,25268,32189,28325
2026-07-29T09:00:00Z,164586,159419,159545,155250,5167,25027,24809,30604,26821
2026-07-29T10:00:00Z,164716,158143,159000,153520,6573,25457,25200,33536,29492
2026-07-29T11:00:00Z,167090,160387,161550,155858,6703,26499,26261,33489,29463
2026-07-29T12:00:00Z,169370,163011,163624,158249,6359,27695,27439,33242,29147
2026-07-29T13:00:00Z,163099,154881,157321,150096,8218,26877,26617,34302,29993
2026-07-29T14:00:00Z,163293,153511,156397,147828,9782,29363,29031,38703,33810
2026-07-29T15:00:00Z,160279,150497,151608,143386,9782,32574,32228,42133,36355
2026-07-29T16:00:00Z,159928,149576,150643,141905,10352,33647,33315,43363,37497
2026-07-29T17:00:00Z,168988,154906,158252,146275,14082,35590,35256,47612,41349
2026-07-29T18:00:00Z,163457,150442,153055,142127,13015,34885,34507,45043,39030
2026-07-29T19:00:00Z,165462,149422,155019,141014,16040,35087,34716,47983,42018
2026-07-29T20:00:00Z,165065,147264,154387,138969,17801,31962,31580,45283,39571
2026-07-29T21:00:00Z,165771,148392,154806,140004,17379,32641,32255,46000,40089
2026-07-29T22:00:00Z,166558,147587,154043,137759,18971,32705,32294,47532,41427
2026-07-29T23:00:00Z,166671,145658,154308,135828,21013,32467,32096,48442,42695
2026-07-30T00:00:00Z,165848,146170,150206,133910,19678,34172,33753,49060,42558
2026-07-30T01:00:00Z,167258,133034,152668,121512,34224,34722,34373,64236,57750
2026-07-30T02:00:00Z,165565,139857,154889,131431,25708,29613,29304,53095,47795
2026-07-30T03:00:00Z,166566,158785,159931,153366,7781,23227,22981,30722,26728
2026-07-30T04:00:00Z,171292,165568,166498,161763,5724,19898,19697,25327,22002
2026-07-30T05:00:00Z,168481,163061,164046,159541,5420,20287,20090,24980,21800
2026-07-30T06:00:00Z,167285,160745,161667,156165,6540,23325,23088,28974,25023
2026-07-30T07:00:00Z,168876,162471,162735,157369,6405,25234,25006,30816,26545
2026-07-30T08:00:00Z,164752,156137,157421,150085,8615,29622,29351,37190,32134
2026-07-30T09:00:00Z,164374,158855,158916,154350,5519,24964,24722,29443,25465
2026-07-30T10:00:00Z,164478,158303,159210,154005,6175,24337,24090,29607,25819
2026-07-30T11:00:00Z,170478,164228,165336,160027,6250,25136,24910,30413,26612
2026-07-30T12:00:00Z,167255,161857,162488,157938,5398,24521,24289,30063,26454
2026-07-30T13:00:00Z,159188,151046,153910,146617,8142,26042,25799,34333,30450
2026-07-30T14:00:00Z,160455,151529,153680,145801,8926,30070,29792,38842,34373
2026-07-30T15:00:00Z,157355,147897,149728,141617,9458,32267,31964,40913,35687
2026-07-30T16:00:00Z,163739,151624,153975,143575,12115,36905,36555,46758,40691
2026-07-30T17:00:00Z,160712,145333,149389,135959,15379,38103,37743,50229,43814
2026-07-30T18:00:00Z,161764,146532,150052,137161,15232,38272,37923,49453,42967
2026-07-30T19:00:00Z,162352,143368,150397,133764,18984,37941,37552,53127,46831
2026-07-30T20:00:00Z,164068,144680,151099,134328,19388,38575,38173,52679,46210
2026-07-30T21:00:00Z,164693,144206,151605,133789,20487,36965,36555,52636,46434
2026-07-30T22:00:00Z,168197,146394,154508,135792,21803,36065,35674,52167,45690
2026-07-30T23:00:00Z,168367,145340,155025,135193,23027,34663,34273,50503,44797
2026-07-31T00:00:00Z,167765,147954,153780,136921,19811,35667,35242,49453,43416
2026-07-31T01:00:00Z,168773,138978,155614,128622,29795,35594,35211,60079,53956
2026-07-31T02:00:00Z,167373,141179,155713,131860,26194,31739,31401,56514,50177
2026-07-31T03:00:00Z,168292,157804,163005,153832,10488,21927,21687,31077,27685
2026-07-31T04:00:00Z,170590,164348,166067,160738,6242,20403,20221,25995,22813
2026-07-31T05:00:00Z,171990,167405,167909,164081,4585,21041,20855,25376,22495
2026-07-31T06:00:00Z,166377,162203,162895,159416,4174,21081,20892,24882,22214
2026-07-31T07:00:00Z,163961,159633,159780,156095,4328,22108,21909,26776,23561
2026-07-31T08:00:00Z,161414,156556,157619,153412,4858,22072,21874,26536,23660
2026-07-31T09:00:00Z,163085,158112,158397,154225,4973,24534,24329,28746,25414
2026-07-31T10:00:00Z,161881,155375,156710,151191,6506,25450,25197,30912,27115
2026-07-31T11:00:00Z,167480,160577,161717,155833,6903,26731,26499,32850,28752
2026-07-31T12:00:00Z,165378,159714,160222,155376,5664,24894,24679,29805,25971
2026-07-31T13:00:00Z,170991,162290,165488,157713,8701,25766,25541,33599,29589
2026-07-31T14:00:00Z,164783,156256,158809,151273,8527,27784,27547,35612,31202
2026-07-31T15:00:00Z,170194,162085,162604,155720,8109,29710,29433,37242,32099
2026-07-31T16:00:00Z,166290,156400,157872,149424,9890,32631,32327,41038,35418
2026-07-31T17:00:00Z,168972,156420,159120,148376,12552,34691,34359,44974,39080
2026-07-31T18:00:00Z,164679,151823,153845,143059,12856,34835,34496,44451,38275
2026-07-31T19:00:00Z,168078,151538,158134,143747,16540,32648,32311,46094,40338
2026-07-31T20:00:00Z,170277,153588,158950,144774,16689,33497,33141,45761,39762
2026-07-31T21:00:00Z,167279,149596,156136,141043,17683,31874,31526,45067,39313
2026-07-31T22:00:00Z,166779,152227,158058,145752,14552,25756,25445,36825,32134
2026-07-31T23:00:00Z,170395,157888,163014,152182,12507,22485,22227,32142,28034
